{
    "TargetIDs": [
        "debug_milestone",
        "debug_start_argo",
        "milestone_000_cinematic_prologue",
        "milestone_001_characterCreation",
        "milestone_002_cinematic_1a",
        "milestone_003_title_coronation_palace",
        "milestone_100_mission_1a",
        "milestone_101_cinematic_1b",
        "milestone_102_title_coronation_outskirts",
        "milestone_103_mission_1b",
        "milestone_104_cinematic_1c",
        "milestone_105_talk_eightHoursLater",
        "milestone_106_title_threeYearsLater",
        "milestone_110_mission_2",
        "milestone_111_talk_rentToOwn",
        "milestone_114_sim_leopard_start",
        "milestone_120_talk_contact",
        "milestone_121_notify_benefactor",
        "milestone_122_notify_barracks",
        "milestone_123_notify_captainQuarters",
        "milestone_124_sim_leopard",
        "milestone_130_talk_benefactor",
        "milestone_131_notify_axylus",
        "milestone_132_sim_leopard",
        "milestone_140_cinematic_jumpToAxylus",
        "milestone_141_talk_axylus",
        "milestone_142_mission_3",
        "milestone_143_cinematic_3",
        "milestone_200_talk_inExile",
        "milestone_201_notify_systemTravel_2",
        "milestone_202_notify_centurion",
        "milestone_203_sim_leopard",
        "milestone_210_notify_liberation",
        "milestone_211_sim_leopard",
        "milestone_220_talk_firstStrike",
        "milestone_221_mission_4",
        "milestone_222_cinematic_4a",
        "milestone_300_talk_aranoRestoration",
        "milestone_301_cinematic_4b",
        "milestone_302_talk_haveShipWillTravel",
        "milestone_303_notify_argoUpgrades",
        "milestone_304_notify_mechs",
        "milestone_305_sim_argo_start",
        "milestone_310_notify_panzyrAttack",
        "milestone_311_sim_argo",
        "milestone_320_talk_perdition",
        "milestone_321_mission_panzyrAttack",
        "milestone_322_talk_anomaly",
        "milestone_330_notify_smithonAttack",
        "milestone_331_sim_argo",
        "milestone_340_mission_smithonAttack",
        "milestone_341_talk_blackBox",
        "milestone_350_talk_anvelt",
        "milestone_351_mission_5",
        "milestone_360_talk_unearthedSecrets",
        "milestone_361_sim_argo",
        "milestone_400_notify_graverobbing",
        "milestone_401_sim_argo",
        "milestone_410_talk_graverobbing",
        "milestone_411_mission_6a",
        "milestone_412_cinematic_6a",
        "milestone_413_talk_deadInSpace",
        "milestone_420_mission_6b",
        "milestone_421_cinematic_6b",
        "milestone_422_talk_damageReport",
        "milestone_423_notify_highlander",
        "milestone_430_notify_warCouncil",
        "milestone_431_sim_argo",
        "milestone_500_cinematic_6c",
        "milestone_501_talk_warCouncil",
        "milestone_502_notify_smithonDefense",
        "milestone_503_sim_argo",
        "milestone_510_mission_smithonDefense",
        "milestone_511_talk_pathForward",
        "milestone_512_sim_argo",
        "milestone_520_notify_itromAttack",
        "milestone_521_sim_argo",
        "milestone_530_mission_itromAttack",
        "milestone_531_talk_revelations",
        "milestone_532_sim_argo",
        "milestone_540_notify_panzyrDefense",
        "milestone_541_sim_argo",
        "milestone_550_mission_panzyrDefense",
        "milestone_551_talk_message",
        "milestone_552_notify_gunboatDiplomacy",
        "milestone_563_sim_argo",
        "milestone_600_talk_deadDrop",
        "milestone_601_mission_7",
        "milestone_610_notify_tyrlonAttack",
        "milestone_611_sim_argo",
        "milestone_620_mission_tyrlonAttack",
        "milestone_621_talk_armistice",
        "milestone_622_notify_coromodir",
        "milestone_623_sim_argo",
        "milestone_630_talk_parlay",
        "milestone_631_cinematic_7",
        "milestone_632_talk_desperationPlay",
        "milestone_633_mission_8",
        "milestone_634_cinematic_8",
        "milestone_635_talk_challenge",
        "milestone_636_cinematic_(challenge)",
        "milestone_640_mission_9",
        "milestone_641_cinematic_9",
        "milestone_650_credits",
        "milestone_651_talk_epilogue",
        "milestone_652_notify_systemTravel_3",
        "milestone_653_notify_atlas",
        "milestone_700_notify_complete",
        "quickstart_argo",
        "quickstart_argo_intro",
        "quickstart_ending",
        "quickstart_itrom_attack",
        "quickstart_leopard",
        "quickstart_leopard_intro",
        "quickstart_m3",
        "quickstart_m4",
        "quickstart_m5",
        "quickstart_m6",
        "quickstart_m7",
        "quickstart_m8",
        "quickstart_panzyr_attack",
        "quickstart_panzyr_defense",
        "quickstart_smithon_attack",
        "quickstart_smithon_defense",
        "quickstart_tyrlon_attack",
        "milestone_112_notify_systemTravel_1",
        "milestone_113_notify_mercenary",
        "milestone_323_notify_panzyrShops",
        "milestone_324_sim_argo",
        "milestone_342_notify_smithonShops",
        "milestone_343_notify_servedCold",
        "milestone_344_sim_argo",
        "milestone_352_cinematic_newgrange",
        "milestone_353_talk_familyReunion",
        "milestone_354_talk_mendingFences",
        "milestone_355_notify_codebreaker",
        "milestone_356_sim_argo",
        "milestone_424_notify_directorateSpace",
        "milestone_425_sim_argo",
        "milestone_602_cinematic_capture",
        "milestone_603_talk_insurance",
        "milestone_604_sim_argo",
        "milestone_010_skipPrologue",
        "milestone_700a_update"        
    ],

    "Instructions": [
        {
            "JSONPath": "$.Description.Cost",
            "Action": "Remove"
        },
        {
            "JSONPath": "$.Description.Rarity",
            "Action": "Remove"
        },
        {
            "JSONPath": "$.Description.Purchasable",
            "Action": "Remove"
        }
    ]
}
