{
	"Custom": {
		"Category": [
			{
				"CategoryID": "SensorsA"
			}
		],
		"WorkOrderCosts": {
			"Install": {
				"TechCost": "1",
				"CBillCost": "[[Chassis.Tonnage]]"
			}
		},
		"BonusDescriptions": {
			"Bonuses": [
				"Sight2: 120",
				"IsSensorsA"
			]
		},
		"InventorySorter": {
			"SortKey": "00202"
		}
	},
	"StatName": null,
	"RelativeModifier": 0,
	"AbsoluteModifier": 0,
	"Description": {
		"Cost": 520000,
		"Rarity": 99,
		"Purchasable": true,
		"Manufacturer": "Majesty M M",
		"Model": "Magestrix Alpha",
		"UIName": "Rangefinder + + +",
		"Id": "Gear_Cockpit_Majesty_M_M_MagestrixAlpha",
		"Name": "Majesty M M Magestrix Rangefinder",
		"Details": "All 'Mechs come equipped with a stock cockpit configuration, which can be upgraded for improved performance. Rangefinders increase the range at which targets can be visually acquired for direct targeting or spotting for support fire.",
		"Icon": "uixSvgIcon_equipment_Rangefinder"
	},
	"BonusValueA": "+ 120m View Dist.",
	"BonusValueB": "",
	"ComponentType": "Upgrade",
	"ComponentSubType": "NotSet",
	"PrefabIdentifier": "",
	"BattleValue": 0,
	"InventorySize": 1,
	"Tonnage": 0,
	"AllowedLocations": "Head",
	"DisallowedLocations": "All",
	"CriticalComponent": false,
	"statusEffects": [
		{
			"durationData": {
				"duration": -1,
				"ticksOnActivations": false,
				"useActivationsOfTarget": false,
				"ticksOnEndOfRound": false,
				"ticksOnMovements": false,
				"stackLimit": -1,
				"clearedWhenAttacked": false
			},
			"targetingData": {
				"effectTriggerType": "Passive",
				"triggerLimit": 0,
				"extendDurationOnTrigger": 0,
				"specialRules": "NotSet",
				"effectTargetType": "Creator",
				"range": 0,
				"forcePathRebuild": false,
				"forceVisRebuild": false,
				"showInTargetPreview": false,
				"showInStatusPanel": true
			},
			"effectType": "StatisticEffect",
			"Description": {
				"Id": "StatusEffect-Spotting_Gain-T3",
				"Name": "SPOTTING DISTANCE INCREASED",
				"Details": "Increases spotting distance by [AMT]m.",
				"Icon": "uixSvgIcon_equipment_Cockpit"
			},
			"nature": "Buff",
			"statisticData": {
				"appliesEachTick": false,
				"effectsPersistAfterDestruction": false,
				"statName": "SpotterDistanceAbsolute",
				"operation": "Float_Add",
				"modValue": "120.0",
				"modType": "System.Single",
				"additionalRules": "NotSet",
				"targetCollection": "NotSet",
				"targetWeaponCategory": "NotSet",
				"targetWeaponType": "NotSet",
				"targetAmmoCategory": "NotSet",
				"targetWeaponSubType": "NotSet"
			},
			"tagData": null,
			"floatieData": null,
			"actorBurningData": null,
			"vfxData": null,
			"instantModData": null,
			"poorlyMaintainedEffectData": null
		}
	],
	"ComponentTags": {
		"items": [
			"component_type_variant",
			"component_type_variant3"
		],
		"tagSetSourceFile": ""
	}
}