{
    "Custom": {
        "Category": [{
            "CategoryID": "Cockpit"
        }],
        "WorkOrderCosts": {
            "Install": {
                "TechCost": "1",
                "CBillCost": "[[Chassis.Tonnage]]"
            }
        },
        "BonusDescriptions": {
            "Bonuses": [
                "Health: +1",
				"ArmoredCowl: 15",
                "IsCockpit"
            ]
        },
        "InventorySorter": {
            "SortKey": "00202"
        }
    },
    "StatName": null,
    "RelativeModifier": 0,
    "AbsoluteModifier": 0,
    "Description": {
        "Cost": 320000,
        "Rarity": 3,
        "Purchasable": true,
        "Manufacturer": "Ceres Metals",
        "Model": "Hardened",
        "UIName": "Armored Cowl + +",
        "Id": "Gear_Cockpit_Ceres_Metals_Hardened",
        "Name": "Ceres Metals Hardened Cockpit Mod",
        "Details": "All 'Mechs come equipped with a stock cockpit configuration, which can be upgraded for improved performance. Cockpit Mods upgrade the structure of the area the MechWarrior occupies during combat, granting increased protection from mortal injuries.",
        "Icon": "uixSvgIcon_equipment_Cockpit"
    },
    "BonusValueA": "+ 3 Injury Resist",
    "BonusValueB": "",
    "ComponentType": "Upgrade",
    "ComponentSubType": "NotSet",
    "PrefabIdentifier": "",
    "BattleValue": 0,
    "InventorySize": 1,
    "Tonnage": 1,
    "AllowedLocations": "Head",
    "DisallowedLocations": "All",
    "CriticalComponent": false,
    "statusEffects": [
{
            "durationData": {
                "duration": -1,
                "stackLimit": -1
            },
            "targetingData": {
                "effectTriggerType": "Passive",
                "effectTargetType": "Creator",
                "showInTargetPreview": false,
                "showInStatusPanel": false
            },
            "effectType": "StatisticEffect",
            "Description": {
                "Id" : "Status-ArmorCowlStructure-{location}",
                "Name": "Armoured Cowl",
                "Details": "Improved Head Structure",
                "Icon": "uixSvgIcon_equipment_ActuatorArm"
            },
            "nature": "Buff",
            "statisticData": {
                "statName" : "{location}.Structure",
                "operation" : "Float_Add",
                "modValue" : "15",
                "modType" : "System.Single"
            }
        },
{
            "durationData": {
                "duration": -1,
                "stackLimit": -1
            },
            "targetingData": {
                "effectTriggerType": "Passive",
                "effectTargetType": "Creator",
                "showInTargetPreview": false,
                "showInStatusPanel": false
            },
            "effectType": "StatisticEffect",
            "Description": {
                "Id" : "Status-ArmorCowlArmor-{location}",
                "Name": "Armoured Cowl",
                "Details": "Improved Head Armor",
                "Icon": "uixSvgIcon_equipment_ActuatorArm"
            },
            "nature": "Buff",
            "statisticData": {
                "statName" : "{location}.Armor",
                "operation" : "Float_Add",
                "modValue" : "15",
                "modType" : "System.Single"
            }
        },	
        {
            "durationData": {
                "duration": -1,
                "ticksOnActivations": false,
                "useActivationsOfTarget": false,
                "ticksOnEndOfRound": false,
                "ticksOnMovements": false,
                "stackLimit": -1,
                "clearedWhenAttacked": false
            },
            "targetingData": {
                "effectTriggerType": "Passive",
                "triggerLimit": 0,
                "extendDurationOnTrigger": 0,
                "specialRules": "NotSet",
                "effectTargetType": "Creator",
                "range": 0,
                "forcePathRebuild": false,
                "forceVisRebuild": false,
                "showInTargetPreview": false,
                "showInStatusPanel": true
            },
            "effectType": "StatisticEffect",
            "Description": {
                "Id": "StatusEffect-Pilot_HealthAdd-T3",
                "Name": "MAX INJURIES INCREASED",
                "Details": "Prevents [AMT] Injuries against a MechWarrior.",
                "Icon": "uixSvgIcon_equipment_Cockpit"
            },
            "nature": "Buff",
            "statisticData": {
                "appliesEachTick": false,
                "effectsPersistAfterDestruction": false,
                "statName": "BonusHealth",
                "operation": "Int_Add",
                "modValue": "1",
                "modType": "System.Int32",
                "additionalRules": "NotSet",
                "targetCollection": "Pilot",
                "targetWeaponCategory": "NotSet",
                "targetWeaponType": "NotSet",
                "targetAmmoCategory": "NotSet",
                "targetWeaponSubType": "NotSet"
            },
            "tagData": null,
            "floatieData": null,
            "actorBurningData": null,
            "vfxData": null,
            "instantModData": null,
            "poorlyMaintainedEffectData": null
        }
    ],
    "ComponentTags": {
        "items": [
            "component_type_stock"
        ],
        "tagSetSourceFile": ""
    }
}
