{
	"Custom": {
		"Category": [
			{
				"CategoryID": "SensorsB"
			}
		],
		"WorkOrderCosts": {
			"Install": {
				"TechCost": "[[Chassis.Tonnage]]/5",
				"CBillCost": "[[Chassis.Tonnage]]*50"
			}
		},
		"BonusDescriptions": {
			"Bonuses": [
				"Resolve: +4",
				"IsSensorsB"
			]
		},
		"InventorySorter": {
			"SortKey": "00202"
		}
	},
	"StatName": null,
	"RelativeModifier": 0,
	"AbsoluteModifier": 0,
	"Description": {
		"Cost": 940000,
		"Rarity": 99,
		"Purchasable": true,
		"Manufacturer": "StarCorps",
		"Model": "Dalban",
		"UIName": "Comms System + + +",
		"Id": "Gear_Cockpit_StarCorps_Dalban",
		"Name": "StarCorps Dalban Comms System",
		"Details": "All 'Mechs come equipped with a stock cockpit configuration, which can be upgraded for improved performance. Comms System upgrades allow for better lance cohesion during combat, increasing the Resolve generated.",
		"Icon": "uixSvgIcon_equipment_Comms"
	},
	"BonusValueA": "+ 4 Resolve Gain",
	"BonusValueB": "",
	"ComponentType": "Upgrade",
	"ComponentSubType": "NotSet",
	"PrefabIdentifier": "",
	"BattleValue": 0,
	"InventorySize": 1,
	"Tonnage": 0,
	"AllowedLocations": "Head",
	"DisallowedLocations": "All",
	"CriticalComponent": false,
	"statusEffects": [
		{
			"durationData": {
				"duration": -1,
				"ticksOnActivations": false,
				"useActivationsOfTarget": false,
				"ticksOnEndOfRound": false,
				"ticksOnMovements": false,
				"stackLimit": -1,
				"clearedWhenAttacked": false
			},
			"targetingData": {
				"effectTriggerType": "Passive",
				"triggerLimit": 0,
				"extendDurationOnTrigger": 0,
				"specialRules": "NotSet",
				"effectTargetType": "Creator",
				"range": 0,
				"forcePathRebuild": false,
				"forceVisRebuild": false,
				"showInTargetPreview": false,
				"showInStatusPanel": true
			},
			"effectType": "StatisticEffect",
			"Description": {
				"Id": "StatusEffect-Morale_Gain-T4",
				"Name": "RESOLVE GENERATION INCREASED",
				"Details": "Provides a [AMT] bonus to actions that generate Resolve.",
				"Icon": "uixSvgIcon_equipment_Cockpit"
			},
			"nature": "Buff",
			"statisticData": {
				"appliesEachTick": false,
				"effectsPersistAfterDestruction": false,
				"statName": "MoraleBonusGain",
				"operation": "Int_Add",
				"modValue": "4",
				"modType": "System.Int32",
				"additionalRules": "NotSet",
				"targetCollection": "NotSet",
				"targetWeaponCategory": "NotSet",
				"targetWeaponType": "NotSet",
				"targetAmmoCategory": "NotSet",
				"targetWeaponSubType": "NotSet"
			},
			"tagData": null,
			"floatieData": null,
			"actorBurningData": null,
			"vfxData": null,
			"instantModData": null,
			"poorlyMaintainedEffectData": null
		}
	],
	"ComponentTags": {
		"items": [
			"component_type_variant",
			"component_type_variant3"
		],
		"tagSetSourceFile": ""
	}
}