{
    "Description" : {
        "Id" : "fp_shadowOrg",
        "Name" : "White Lies",
        "Details" : "Branch B has the extra encounter",
        "Icon" : ""
    },
    "Weight" : 10,
    "InternalName" : "shadowOrg",
    "PublishState" : "PUBLISHED",
    "Difficulty" : 6,
    "Requirements" : [],
    "LocationRequirements" : {
        "Scope" : "StarSystem",
        "RequirementTags" : {
            "items" : [
				"planet_size_medium",
				"planet_climate_arid",
				"planet_pop_small",
				"planet_civ_periphery",
				"planet_progress_1",
				"planet_industry_agriculture",
				"planet_other_ruins",
				"planet_other_battlefield",
				"planet_faction_independent"
            ],
            "tagSetSourceFile" : "Tags/PlanetTags"
        },
        "ExclusionTags" : {
            "items" : [],
            "tagSetSourceFile" : ""
        },
        "RequirementComparisons" : []
    },
    "PotentialEmployers" : [
        "Marik"
    ],
    "TargetFaction" : "HostileMercenaries",
    "AllowRefitTime" : false,
    "FlashpointLength" : "SHORT",
    "Repeatable" : false,
    "MilestoneSetID" : "ms_fp_shadowOrg",
    "UseAvailableTimeoutOverride" : false,
    "AvailableTimeout" : 0,
    "UseInProgressTimeoutOverride" : false,
    "InProgressTimeout" : 0,
    "RewardCollectionID" : "itemCollection_loot_FP_generic_rare",
    "UnitDropTonnageHint" : "None",
    "LanceDropTonnageHint" : "None",
    "FlashpointShortDescription" : "I require your assistance with a personal matter, Commander. Meet me at the specified location, and come quick\u2014my family needs your help.",
    "FlashpointDescriberCastDefId" : "castDef_MarikRepDefault"
}