{
    "Description" : {
        "Id" : "fp_uw1",
        "Name" : "Prototype",
        "Details" : "Custom Linear FP",
        "Icon" : "uixTxrSpot_flashpointContract2.png"
    },
    "Weight" : 200,
    "InternalName" : "uw1",
    "PublishState" : "PUBLISHED",
    "Difficulty" : 3,
    "Requirements" : [],
    "LocationRequirements" : {
        "Scope" : "StarSystem",
        "RequirementTags" : {
            "items" : [
                "planet_name_fagerholm"
            ],
            "tagSetSourceFile" : "Tags/PlanetNameTags"
        },
        "ExclusionTags" : {
            "items" : [],
            "tagSetSourceFile" : ""
        },
        "RequirementComparisons" : []
    },
    "PotentialEmployers" : [
        "Marik"
    ],
    "TargetFaction" : "Liao",
    "AllowRefitTime" : false,
    "FlashpointLength" : "LONG",
    "Repeatable" : false,
    "MilestoneSetID" : "ms_fp_uw1",
    "UseAvailableTimeoutOverride" : false,
    "AvailableTimeout" : 0,
    "UseInProgressTimeoutOverride" : false,
    "InProgressTimeout" : 0,
    "RewardCollectionID" : "itemCollection_loot_UW_uw1_Raven",
    "UnitDropTonnageHint" : "Light",
    "LanceDropTonnageHint" : "None",
    "FlashpointShortDescription" : "I have a highly delicate contract that requires your immediate attention. The task at hand is sensitive to the point that it cannot be discussed over an open channel. Meet me in the Duchy of Andurien and I'll fill you in on the details.",
    "FlashpointDescriberCastDefId" : "castDef_MarikRepDefault"
}