{
    "ID" : "faction_KnightsOfCaerbannog",
    "Name" : "Knights of Caerbannog",
  "ShortName": "TODO",
  "Demonym": "TODO",
  "Government": "TODO",
  "Allies": [
  ],
  "Enemies": [
  ],
  "Presence": 1.0,
  "Faction": "KnightsOfCaerbannog",
  "DefaultCombatLeaderCastDefId": "castDef_LocalsDefault",
  "DefaultRepresentativeCastDefId": "castDef_LocalsDefault",
  "HeraldryDefId": "heraldrydef_random",
  "ReputationStatements": [
    "TODO.",
	"TODO.",
	"TODO.",
	"TODO.",
	"TODO.",
	"TODO.",
	"TODO."
  ],
  "MissionSuccessStatement": "TODO.",
  "GoodFaithFailureStatement": "TODO.",
  "BadFaithFailureStatement": "TODO.",
  "Description" : "TODO."
}