{
	"Custom": {
		"Weights": {
			"ReservedSlots": 4,
			"EngineFactor": 0.75
		},
		"WorkOrderCosts": {
			"Install": {
				"TechCost": "[[Chassis.Tonnage]]/4",
				"CBillCost": "[[Chassis.Tonnage]]*200"
			}
		},		
		"Category" : [
			{"CategoryID": "EngineShield"},
			{"CategoryID": "EnginePart"}
		],		
		"Linked" : {
			"Links" : [
				{ "ComponentDefId" : "emod_engineslots_size2", "Location" : "LeftTorso" },
				{ "ComponentDefId" : "emod_engineslots_size2", "Location" : "RightTorso" }
			]
		},
		"Flags" : { "flags" : [ "engine_part", "not_broken", "vital" ] },
        "BonusDescriptions": {
            "Bonuses": [
                "EngineWeight: -25%",
				"EngineReserved: 4"
            ]
        },
            "InventorySorter" : {
                "SortKey" : "00013"
            }		
	},
    "Description" : {
        "Cost" : 937500,
        "Rarity" : 5,
        "Purchasable" : true,
        "Manufacturer" : "Generic",
        "Model" : "Defiance Light",
        "UIName" : "Engine Light",
        "Id" : "emod_engineslots_light_center",
        "Name" : "Light Engine",
        "Details" : "The Light Fusion Engine is mechanically similar to an XL Engine, but uses Lostech energy shielding to allow a mech to survive the destruction of a side torso. The Light Fusion engine is 75% the mass for the same performance, but intrudes into the side torso bays of a BattleMech.",
        "Icon" : "uixSvgIcon_equipment_Heatsink"
    },
    "BonusValueA" : "- 25% Engine Weight",
    "BonusValueB" : "+ 4 Slots Required",
    "ComponentType" : "HeatSink",
    "ComponentSubType" : "Heatsink",
    "PrefabIdentifier" : "",
    "BattleValue" : 0,
    "InventorySize" : 4,
    "Tonnage" : 0,
    "AllowedLocations" : "CenterTorso",
    "DisallowedLocations" : "All",
    "CriticalComponent" : false,
    "statusEffects" : null,
    "ComponentTags" : {
        "items" : [
            "component_type_stock"
        ],
        "tagSetSourceFile" : ""
    }
}
