{
	"Custom": {
		"Weights": {
			"EngineFactor": 2
		},
		"WorkOrderCosts": {
			"Install": {
				"TechCost": "[[Chassis.Tonnage]]/15",
				"CBillCost": "[[Chassis.Tonnage]]/10"
			}
		},
		"Category" : [
			{"CategoryID": "EngineShield"},
			{"CategoryID": "EnginePart"}
		],
		"Flags" : { "flags" : [ "engine_part", "vital", "no_salvage" ] },
		"ArmorRepair" : { "ArmorTPCost" : 0.8, "ArmorCBCost" : 0.7 },
        "BonusDescriptions": {
            "Bonuses": [
				"EngineWeight: X2",
                "WalkSpeed: -20%",				
                "RunSpeed: -30%",
                "HeatGenerated: -40%",				
				"ArmorTPCost: -20%",
				"ArmorCBCost: -30%"		
            ]
        },		
            "InventorySorter" : {
                "SortKey" : "00013"
            }		
	},
    "Description" : {
        "Cost" : 250000,
        "Rarity" : 2,
        "Purchasable" : false,
        "Manufacturer" : "Vlar",
        "Model" : "I.C.E.",
        "UIName" : "Engine I.C.",
        "Id" : "emod_engineslots_ICE_center",
        "Name" : "I.C. Engine",
        "Details" : "For all intents and purposes identical to a modern internal combustion engine, the I.C.E. in BattleTech is used mainly for conventional vehicles and IndustrialMechs. Its power output is less than a fusion engine of similar mass, meaning an I.C.E. needs to be heavier in order to have the same engine rating of a fusion engine.",
        "Icon" : "uixSvgIcon_equipment_Heatsink"
    },
    "BonusValueA" : "X2 Weight",
    "BonusValueB" : "",
    "ComponentType" : "HeatSink",
    "ComponentSubType" : "Heatsink",
    "PrefabIdentifier" : "",
    "BattleValue" : 0,
    "InventorySize" : 4,
    "Tonnage" : 0,
    "AllowedLocations" : "CenterTorso",
    "DisallowedLocations" : "All",
    "CriticalComponent" : false,
    "statusEffects" : [
	         {
            "durationData" : {
                "duration" : -1,
                "ticksOnActivations" : false,
                "useActivationsOfTarget" : false,
                "ticksOnEndOfRound" : false,
                "ticksOnMovements" : false,
                "stackLimit" : 1,
                "clearedWhenAttacked" : false
            },
            "targetingData" : {
                "effectTriggerType" : "Passive",
                "triggerLimit" : 0,
                "extendDurationOnTrigger" : 0,
                "specialRules" : "NotSet",
                "effectTargetType" : "Creator",
                "range" : 0,
                "forcePathRebuild" : false,
                "forceVisRebuild" : false,
                "showInTargetPreview" : true,
                "showInStatusPanel" : true
            },
			"effectType" : "StatisticEffect",
			"Description" :
			{
				"Id" : "ICE Walk",
				"Name" : "Internal Combustion Engine",
				"Details" : "ICE has reduced speed but grants reduced Heat Generated",
				"Icon" : "uixSvgIcon_action_evasivemove"
			},
			"statisticData" : 
			{
				"statName" : "WalkSpeed",
				"operation" : "Float_Multiply",
				"modValue" : "0.8",
				"modType" : "System.Single"
			},
			"nature" : "Buff"
		},
			{
			"durationData" :
			{
				"duration" : -1,
                "stackLimit" : 1				
			},
			"targetingData" : 
			{
				"effectTriggerType" : "Passive",
				"effectTargetType" : "Creator",
                "showInStatusPanel" : false				
			},
			"effectType" : "StatisticEffect",
			"Description" :
			{
				"Id" : "ICERUN",
				"Name" : "ChargerSprint",
				"Details" : "MORE SPEED.",
				"Icon" : "uixSvgIcon_run_n_gun"
			},
			"statisticData" : 
			{
				"statName" : "RunSpeed",
				"operation" : "Float_Multiply",
				"modValue" : "0.7",
				"modType" : "System.Single"
			},
			"nature" : "Buff"
		},			
        {
            "durationData" : {
                "duration" : -1,
                "ticksOnActivations" : false,
                "useActivationsOfTarget" : false,
                "ticksOnEndOfRound" : false,
                "ticksOnMovements" : false,
                "stackLimit" : 1,
                "clearedWhenAttacked" : false
            },
            "targetingData" : {
                "effectTriggerType" : "Passive",
                "triggerLimit" : 0,
                "extendDurationOnTrigger" : 0,
                "specialRules" : "NotSet",
                "effectTargetType" : "Creator",
                "range" : 0,
                "forcePathRebuild" : false,
                "forceVisRebuild" : false,
                "showInTargetPreview" : false,
                "showInStatusPanel" : false
            },
            "effectType" : "StatisticEffect",
            "Description" : {
                "Id" : "StatusEffect-Heat_ICE",
                "Name" : "Increased Heat",
                "Details" : "Heat generation increased by 15%.",
                "Icon" : "uixSvgIcon_equipment_ThermalExchanger"
            },
            "nature" : "Buff",
            "statisticData" : {
                "appliesEachTick" : false,
                "effectsPersistAfterDestruction" : false,
                "statName" : "HeatGenerated",
                "operation" : "Float_Multiply",
                "modValue" : "0.8",
                "modType" : "System.Single",
                "additionalRules" : "NotSet",
                "targetCollection" : "Weapon",
                "targetWeaponCategory" : "NotSet",
                "targetWeaponType" : "NotSet",
                "targetAmmoCategory" : "NotSet",
                "targetWeaponSubType" : "NotSet"
            },
            "tagData" : null,
            "floatieData" : null,
            "actorBurningData" : null,
            "vfxData" : null,
            "instantModData" : null,
            "poorlyMaintainedEffectData" : null
        }	
	],
    "ComponentTags" : {
        "items" : [
            "component_type_stock",
			"BLACKLISTED"
        ],
        "tagSetSourceFile" : ""
    }
}
