{
    "Custom": {
		"EngineHeatBlock": {
            "HeatSinkCount": 10
        },
		"Cooling": {
            "HeatSinkDefId": "Gear_HeatSink_Generic_Standard"
        },
        "Weights": {
            "EngineFactor": 1.6
        },
        "WorkOrderCosts": {
            "Install": {
                "TechCost": "[[Chassis.Tonnage]] / 2",
                "CBillCost": "12000 * [[Chassis.Tonnage]] * [[Chassis.Tonnage]] / 30"
            }
        },
        "Category" : [
			{"CategoryID": "EngineShield"},
            {"CategoryID": "EnginePart"}
        ],
		"Flags": {
            "flags": [
                "vital",
				"engine_part",
				"no_salvage"

            ]
        },
        "BonusDescriptions": {
            "Bonuses": [
                "EngineWeight: X1.6",
                "HeatGenerated: -20%"
			]
        }
    },
    "Description": {
        "Cost": 2250000,
        "Rarity": 1,
        "Purchasable": false,
        "Manufacturer": "Vlar",
        "Model": "Fuel Cell",
        "UIName": "Engine Fuel Cell",
        "Id": "emod_engineslots_FuelCell",
        "Name": "Fuel Cell Engine",
        "Details": "Fuel Cell engines are primarily used in civilian applications like rail systems, personal transport, and IndustrialMechs. Fuel Cell engines generate electrical power that is then used by the vehicle to operate its propulsion system. A Fuel Cell engine has several advantages over the typical Internal Combustion Engine. While they require an oxidizer to operate, they are readily able to accept a stored oxidizer along with their fuel, making it a good choice for submarines, satellites, and naval applications. As most fuel cells run on hydrogen and oxygen, they have no exhaust other than water vapor so Fuel Cells are also used as generators for buildings and other large structures. Cannot use Additional Cooling Kits, Exchanger or Banks.",
        "Icon": "uixSvgIcon_equipment_Heatsink"
    },
    "BonusValueA": "+60% Weight",
    "BonusValueB": "",
    "ComponentType": "HeatSink",
    "ComponentSubType": "Heatsink",
    "PrefabIdentifier": "",
    "BattleValue": 0,
    "InventorySize": 3,
    "Tonnage": 0,
    "AllowedLocations": "CenterTorso",
    "DisallowedLocations": "All",
    "CriticalComponent": false,
    "statusEffects": [
        {
            "durationData": {
                "duration": -1,
                "ticksOnActivations": false,
                "useActivationsOfTarget": false,
                "ticksOnEndOfRound": false,
                "ticksOnMovements": false,
                "stackLimit": 1,
                "clearedWhenAttacked": false
            },
            "targetingData": {
                "effectTriggerType": "Passive",
                "triggerLimit": 0,
                "extendDurationOnTrigger": 0,
                "specialRules": "NotSet",
                "effectTargetType": "Creator",
                "range": 0,
                "forcePathRebuild": false,
                "forceVisRebuild": false,
                "showInTargetPreview": false,
                "showInStatusPanel": false
            },
            "effectType": "StatisticEffect",
            "Description": {
                "Id": "StatusEffect-Heat_ICE",
                "Name": "Increased Heat",
                "Details": "Heat generation decreased by 20%%.",
                "Icon": "uixSvgIcon_equipment_ThermalExchanger"
            },
            "nature": "Buff",
            "statisticData": {
                "appliesEachTick": false,
                "effectsPersistAfterDestruction": false,
                "statName": "HeatGenerated",
                "operation": "Float_Multiply",
                "modValue": "0.8",
                "modType": "System.Single",
                "additionalRules": "NotSet",
                "targetCollection": "Weapon",
                "targetWeaponCategory": "NotSet",
                "targetWeaponType": "NotSet",
                "targetAmmoCategory": "NotSet",
                "targetWeaponSubType": "NotSet"
            },
            "tagData": null,
            "floatieData": null,
            "actorBurningData": null,
            "vfxData": null,
            "instantModData": null,
            "poorlyMaintainedEffectData": null
        }
    ],
    "ComponentTags": {
        "items": [
            "component_type_stock",
            "FuelCell",
			"BLACKLISTED"
        ],
        "tagSetSourceFile": ""
    }
}
