{
	"Custom": {
		"Weights": {
			"EngineFactor": 1.2
		},
		"WorkOrderCosts": {
			"Install": {
				"TechCost": "[[Chassis.Tonnage]]/15",
				"CBillCost": "[[Chassis.Tonnage]]/10"
			}
		},
		"Category": [
			{
				"CategoryID": "EngineShield"
			},
			{
				"CategoryID": "EnginePart"
			}
		],
		"Flags": {
			"flags": [
				"engine_part",
				"vital",
				"no_salvage"
			]
		},
		"ArmorRepair": {
			"ArmorTPCost": 0.9,
			"ArmorCBCost": 0.9
		},
		"BonusDescriptions": {
			"Bonuses": [
				"EngineWeight: +20%",
				"ArmorTPCost: -10%",
				"ArmorCBCost: -10%"
			]
		},
		"InventorySorter": {
			"SortKey": "00013"
		}
	},
	"Description": {
		"Cost": 150000,
		"Rarity": 2,
		"Purchasable": false,
		"Manufacturer": "Vlar",
		"Model": "Primitive",
		"UIName": "Engine Primitive",
		"Id": "emod_engineslots_Primitive_center",
		"Name": "Primitive Engine",
		"Details": "Compared to their Star League and Succession War-era counterparts, Primitive Engines are larger and less efficient; typically, modern engines are 80% the size of these early engines for the same amount of power.",
		"Icon": "uixSvgIcon_equipment_Heatsink"
	},
	"BonusValueA": "20% Increased Weight",
	"BonusValueB": "",
	"ComponentType": "HeatSink",
	"ComponentSubType": "Heatsink",
	"PrefabIdentifier": "",
	"BattleValue": 0,
	"InventorySize": 6,
	"Tonnage": 0,
	"AllowedLocations": "CenterTorso",
	"DisallowedLocations": "All",
	"CriticalComponent": false,
	"statusEffects": null,
	"ComponentTags": {
		"items": [
			"component_type_stock",
			"BLACKLISTED"
		],
		"tagSetSourceFile": ""
	}
}