{
    "Custom": {
        "Weights": {
            "ReservedSlots": 4
        },
        "WorkOrderCosts": {
            "Install": {
                "TechCost": "1.35 * [[Chassis.Tonnage]] / 2",
                "CBillCost": "12000 * [[Chassis.Tonnage]] * [[Chassis.Tonnage]] / 33"
            }
        },
        "Category" : [
            {"CategoryID": "EngineShield"},
            {"CategoryID": "EnginePart"}
        ],
        "Linked": {
            "Links": [
                {
                    "ComponentDefId": "emod_engineslots_size2",
                    "Location": "LeftTorso"
                },
                {
                    "ComponentDefId": "emod_engineslots_size2",
                    "Location": "RightTorso"
                }
            ]
        },
		"Flags": {
            "flags": [
                    "vital",
					"engine_part",
					"no_salvage"
            ]
        },
        "BonusDescriptions": {
            "Bonuses": [
                "JumpDistance: 20%",
                "EvaPips: +1",
                "EngineReserved: 4",
                "ReqWings"
            ]
        },
        "InventorySorter": {
            "SortKey": "00013"
        }
    },
    "DissipationCapacity": 0,
    "Description": {
        "Cost": 500000,
        "Rarity": 10,
        "Purchasable": false,
        "Manufacturer": "Allied Aerospace",
        "Model": "Valkyrie",
        "UIName": "Engine (LAM)",
        "Id": "emod_Engine_LAM",
        "Name": "Land Air Mech Engine",
        "Details": "Originally conceived during the Star League era, the Land-Air 'Mech (or LAM) is a hybrid military unit capable of transforming between BattleMech and Aerospace Fighter forms. <b><color=#0066ff>Reserves 4 Slots and requires Partial Wings System</color></b>",
        "Icon": "uixSvgIcon_equipment_Heatsink"
    },
    "BonusValueA": "-15% Engine Weight",
    "BonusValueB": "Bonus Evasion",
    "ComponentType": "HeatSink",
    "ComponentSubType": "Heatsink",
    "PrefabIdentifier": "",
    "BattleValue": 0,
    "InventorySize": 2,
    "Tonnage": 0,
    "AllowedLocations": "CenterTorso",
    "DisallowedLocations": "All",
    "CriticalComponent": false,
    "statusEffects": [
        {
            "durationData": {
                "duration": -1,
                "stackLimit": -1
            },
            "targetingData": {
                "effectTriggerType": "Passive",
                "effectTargetType": "Creator"
            },
            "effectType": "StatisticEffect",
            "Description": {
                "Id": "MaxEvasion",
                "Name": "EVASIVE MOVE",
                "Details": "This unit generates an extra EVASIVE charge from movement actions (up to its maximum).",
                "Icon": "uixSvgIcon_action_evasivemove"
            },
            "statisticData": {
                "statName": "MaxEvasivePips",
                "operation": "Int_Add",
                "modValue": "1",
                "modType": "System.Int32"
            },
            "nature": "Buff"
        },
        {
            "durationData": {
                "duration": -1,
                "ticksOnActivations": false,
                "useActivationsOfTarget": false,
                "ticksOnEndOfRound": false,
                "ticksOnMovements": false,
                "stackLimit": -1,
                "clearedWhenAttacked": false
            },
            "targetingData": {
                "effectTriggerType": "Passive",
                "triggerLimit": 0,
                "extendDurationOnTrigger": 0,
                "specialRules": "NotSet",
                "effectTargetType": "Creator",
                "range": 0,
                "forcePathRebuild": false,
                "forceVisRebuild": false,
                "showInTargetPreview": false,
                "showInStatusPanel": false
            },
            "effectType": "StatisticEffect",
            "Description": {
                "Id": "StatusEffect-Jump_Distance-T3",
                "Name": "JUMP DISTANCE INCREASED",
                "Details": "Conversion Gear increase Jump Distance by 20%",
                "Icon": "uixSvgIcon_equipment_Gyro"
            },
            "nature": "Buff",
            "statisticData": {
                "appliesEachTick": false,
                "effectsPersistAfterDestruction": false,
                "statName": "JumpDistanceMultiplier",
                "operation": "Float_Multiply",
                "modValue": "1.2",
                "modType": "System.Single",
                "additionalRules": "NotSet",
                "targetCollection": "NotSet",
                "targetWeaponCategory": "NotSet",
                "targetWeaponType": "NotSet",
                "targetAmmoCategory": "NotSet",
                "targetWeaponSubType": "NotSet"
            },
            "tagData": null,
            "floatieData": null,
            "actorBurningData": null,
            "vfxData": null,
            "instantModData": null,
            "poorlyMaintainedEffectData": null
        }
    ],
    "ComponentTags": {
        "items": [
            "component_type_stock",
            "BLACKLISTED"	
        ],
        "tagSetSourceFile": ""
    }
}
