{
	"Custom": {
		"Weights": {
			"EngineFactor": 1.5
		},
		"WorkOrderCosts": {
			"Install": {
				"TechCost": "[[Chassis.Tonnage]]/6",
				"CBillCost": "[[Chassis.Tonnage]]*200"
			}
		},		
		"Category" : [
			{"CategoryID": "EngineShield"},
			{"CategoryID": "EnginePart"}
		],
		"Flags" : { "flags" : [ "engine_part", "vital", "not_broken" ] },
        "BonusDescriptions": {
            "Bonuses": [
                "EngineWeight: +50%"
            ]
        },
            "InventorySorter" : {
                "SortKey" : "00013"
            }		
	},
    "Description" : {
        "Cost" : 625000,
        "Rarity" : 5,
        "Purchasable" : true,
        "Manufacturer" : "Generic",
        "Model" : "Vlar Compact",
        "UIName" : "Engine Compact",
        "Id" : "emod_engineslots_compact_center",
        "Name" : "Compact Engine",
        "Details" : "The Compact Fusion Engine is mechanically similar to a Fusion Engine but uses much denser radiation shielding. The Compact fusion engine is 50% heavier for the same performance, but occupies less space in the center torso and is less likely to receive a critical hit.",
        "Icon" : "uixSvgIcon_equipment_Heatsink"
    },
    "BonusValueA" : "+ 50% Engine Weight",
    "BonusValueB" : "- 3 Slots Required",
    "ComponentType" : "HeatSink",
    "ComponentSubType" : "Heatsink",
    "PrefabIdentifier" : "",
    "BattleValue" : 0,
    "InventorySize" : 1,
    "Tonnage" : 0,
    "AllowedLocations" : "CenterTorso",
    "DisallowedLocations" : "All",
    "CriticalComponent" : false,
    "statusEffects" : null,
    "ComponentTags" : {
        "items" : [
            "component_type_stock",
			"BLACKLISTED"
        ],
        "tagSetSourceFile" : ""
    }
}
