{
	"Custom": {
		"Sorter" : { "Order" : 0 },
		"Flags" : { "flags" : [ "engine_part", "default","not_broken" ] },
		"Category" : [
			{"CategoryID": "EngineSlots"},
			{"CategoryID": "EnginePart"}
		]
	},
    "DissipationCapacity" : 0,
    "Description" : {
        "Cost" : 0,
        "Rarity" : 0,
        "Purchasable" : true,
        "Manufacturer" : "Generic",
        "Model" : "Reserved Slots",
        "UIName" : "Engine",
        "Id" : "emod_engineslots_size2",
        "Name" : "Engine",
        "Details" : "The engine extends into the side torsos.",
        "Icon" : "uixSvgIcon_equipment_Heatsink"
    },
    "BonusValueA" : "",
    "BonusValueB" : "",
    "ComponentType" : "HeatSink",
    "ComponentSubType" : "Heatsink",
    "PrefabIdentifier" : "",
    "BattleValue" : 0,
    "InventorySize" : 2,
    "Tonnage" : 0,
    "AllowedLocations" : "All",
    "DisallowedLocations" : "All",
    "CriticalComponent" : false,
    "statusEffects" : null,
    "ComponentTags" : {
        "items" : [
            "component_type_stock"
        ],
        "tagSetSourceFile" : ""
    }
}
