{
	"Custom": {
		"Weights": {
			"ReservedSlots": 6,
			"EngineFactor": 0.5
		},
		"BonusDescriptions": {
			"Bonuses": [
				"EngineWeight: 50%",
				"ReservedSlots: 6"
			]
		},
		"WorkOrderCosts": {
			"Default": {
				"TechCost": "0",
				"CBillCost": "0"
			},
			"Install": {
				"TechCost": "1.2 * [[Chassis.Tonnage]] * [[Chassis.Tonnage]] / 40",
				"CBillCost": "2000 * [[Chassis.Tonnage]] * [[Chassis.Tonnage]] / 40"
			}
		},
		"Flags": {
            "flags": [
                    "vital"
            ]
        },
		"Category" : [
			{"CategoryID": "EngineShield"},
			{"CategoryID": "EnginePart"}
		],
		"Linked" : {
			"Links" : [
				{ "ComponentDefId" : "emod_engineslots_size3", "Location" : "LeftTorso" },
				{ "ComponentDefId" : "emod_engineslots_size3", "Location" : "RightTorso" }
			]
		}
	},
    "Description" : {
        "Cost" : 500000,
        "Rarity" : 0,
        "Purchasable" : false,
        "Manufacturer" : "Lostech",
        "Model" : "Extra-light",
        "UIName" : "Engine XL",
        "Id" : "emod_engineslots_xl_center",
        "Name" : "Engine XL",
        "Details" : "The Extralight Fusion Engine is mechanically similar to a Fusion Engine but uses much lighter radiation shielding. The XL fusion engine is half the mass for the same performance. The XL fusion engine is twice as large as the standard fusion engine and intrudes into the side torso bays of a BattleMech.",
        "Icon" : "uixSvgIcon_equipment_Heatsink"
    },
    "BonusValueA" : "",
    "BonusValueB" : "",
    "ComponentType" : "HeatSink",
    "ComponentSubType" : "Heatsink",
    "PrefabIdentifier" : "",
    "BattleValue" : 0,
    "InventorySize" : 4,
    "Tonnage" : 0,
    "AllowedLocations" : "CenterTorso",
    "DisallowedLocations" : "All",
    "CriticalComponent" : false,
    "statusEffects" : null,
    "ComponentTags" : {
        "items" : [
            "component_type_stock"
        ],
        "tagSetSourceFile" : ""
    }
}
