{
	"Custom": {
		"Cooling": {
			"HeatSinkDefId": "Gear_HeatSink_Generic_Standard"
		},
		"WorkOrderCosts": {
			"Default": {
				"TechCost": "0",
				"CBillCost": "0"
			}
		},
        "Category" : [
          {"CategoryID": "Cooling"},
          {"CategoryID": "EnginePart"}
        ],
		"Color": {
			"UIColor": "DarkGray"
		},
		"Flags" : { "flags" : [ "ignore_damage", "default"  ] }
	},
    "DissipationCapacity" : 0,
    "Description" : {
        "Cost" : 0,
        "Rarity" : 0,
        "Purchasable" : false,
        "Manufacturer" : "Generic",
        "Model" : "Cooling System",
        "UIName" : "Cooling",
        "Id" : "emod_kit_shs",
        "Name" : "Cooling",
        "Details" : "A Mech' <b>Cooling System</b> provides heat dissipation for components inside the mech and compatible extension points for additional heat sinks throughout the mech.",
        "Icon" : "uixSvgIcon_equipment_Heatsink"
    },
    "BonusValueA" : "",
    "BonusValueB" : "",
    "ComponentType" : "HeatSink",
    "ComponentSubType" : "Heatsink",
    "PrefabIdentifier" : "",
    "BattleValue" : 0,
    "InventorySize" : 1,
    "Tonnage" : 0,
    "AllowedLocations" : "CenterTorso",
    "DisallowedLocations" : "All",
    "CriticalComponent" : false,
    "statusEffects" : null,
    "ComponentTags" : {
        "items" : [
            "component_type_stock"
        ],
        "tagSetSourceFile" : ""
    }
}
