{
    "Custom": {
        "BonusDescriptions": {
            "Bonuses": [
                "CoolingSystemLHS",
				"Defense: -2",
				"EndMoveHeat: -60"
            ]
        },
        "Cooling": {
            "HeatSinkDefId": "Gear_HeatSink_Generic_Laser_Clan"
        },
        "WorkOrderCosts": {
            "Default": {
                "TechCost": "[[Chassis.Tonnage]] / 5",
                "CBillCost": "10 * [[Chassis.Tonnage]] * [[Chassis.Tonnage]] / 10"
            },
            "Install": {
                "TechCost": "0.4 * [[Chassis.Tonnage]] * [[Chassis.Tonnage]] / 40",
				"CBillCost": "2000 * [[Chassis.Tonnage]] * [[Chassis.Tonnage]] / 40"
            }
        },
        "Category" : [
          {"CategoryID": "Cooling"},
          {"CategoryID": "EnginePart"}
        ],
        "InventorySorter": {
            "SortKey": "00016"
        }
    },
    "DissipationCapacity": 0,
    "Description": {
        "Cost": 3500000,
        "Rarity": 0,
        "Purchasable": true,
        "Manufacturer": "Clan",
        "Model": "Engine Kit",
        "UIName": "Laser Heat Sink Kit (C)",
        "Id": "emod_kit_lhs",
        "Name": "Laser Heat Sink Kit (C)",
        "Details": "Converts an SHS engine to LHS. A Mech' <b>Cooling System</b> provides heat dissipation for components inside the mech and compatible extension points for additional heat sinks throughout the mech. It differs from the closed cooling system of the engine. Unlike a normal heat sink which uses radiators and heat-conductive fluids to cool a 'Mech, a laser heat sink uses lasers to excite the hot exhaust gasses to a higher-energy state, converting the infrared energy of the gasses to light which is then shunted out of the 'Mech via a series of highly polished surfaces. Functionally identical to a Clan-tech double heat sink, the lack of liquid and gas in the system reduces the chances of heat-based ammunition cook-off and means that laser heat sinks don't get the decreased performance on warmer worlds that single and double heat sinks have, while at the same time preventing laser heat sinks from taking advantage of immersion in water or colder weather to boost their performance.",
        "Icon": "uixSvgIcon_equipment_Heatsink"
    },
    "BonusValueA": "",
    "BonusValueB": "",
    "ComponentType": "HeatSink",
    "ComponentSubType": "Heatsink",
    "PrefabIdentifier": "",
    "BattleValue": 0,
    "InventorySize": 1,
    "Tonnage": 0,
    "AllowedLocations": "CenterTorso",
    "DisallowedLocations": "All",
    "CriticalComponent": false,
    "statusEffects": [
        {
			"durationData": {
				"duration": -1,
				"stackLimit": -1
			},
			"targetingData": {
				"effectTriggerType": "Passive",
				"effectTargetType": "Creator",
				"showInTargetPreview": false,
				"showInStatusPanel": false
			},
			"effectType": "StatisticEffect",
			"Description": {
				"Id": "LHS_Targeting_Debuff",
				"Name": "LHS Light Show",
				"Details": "Laser Heat Sinks are making this unit easier to hit.",
				"Icon": "uixSvgIcon_equipment_Gyro"
			},
			"nature": "Buff",
			"statisticData": {
				"statName": "ToHitThisActor",
				"operation": "Float_Add",
				"modValue": "-2.0",
				"modType": "System.Single"
			}
		},
		{
            "durationData": {
                "duration": -1,
                "ticksOnActivations": false,
                "useActivationsOfTarget": false,
                "ticksOnEndOfRound": false,
                "ticksOnMovements": false,
                "stackLimit": 1,
                "clearedWhenAttacked": false
            },
            "targetingData": {
                "effectTriggerType": "Passive",
                "triggerLimit": 0,
                "extendDurationOnTrigger": 0,
                "specialRules": "NotSet",
                "effectTargetType": "Creator",
                "range": 0,
                "forcePathRebuild": false,
                "forceVisRebuild": false,
                "showInTargetPreview": false,
                "showInStatusPanel": false
            },
            "effectType": "StatisticEffect",
            "Description": {
                "Id": "LHS_Heat_Venting_60",
                "Name": "Laser Heat Sink",
                "Details": "Laser Heat Sink system venting 60 heat",
                "Icon": "uixSvgIcon_equipment_ThermalExchanger"
            },
            "nature": "Buff",
            "statisticData": {
                "appliesEachTick": false,
                "effectsPersistAfterDestruction": false,
                "statName": "EndMoveHeat",
                "operation": "Int_Add",
                "modValue": "-60",
                "modType": "System.Int32",
                "additionalRules": "NotSet",
                "targetCollection": "NotSet",
                "targetWeaponCategory": "NotSet",
                "targetWeaponType": "NotSet",
                "targetAmmoCategory": "NotSet",
                "targetWeaponSubType": "NotSet"
            },
            "tagData": null,
            "floatieData": null,
            "actorBurningData": null,
            "vfxData": null,
            "instantModData": null,
            "poorlyMaintainedEffectData": null
        }
	],
    "ComponentTags": {
        "items": [
            "component_type_stock"
        ],
        "tagSetSourceFile": ""
    }
}
