{
	"Custom": {
		"WorkOrderCosts": {
			"Default": {
				"TechCost": "0",
				"CBillCost": "0"
			}
		},
        "Category" : [
            {"CategoryID": "EngineCore"},
            {"CategoryID": "EnginePart"}
        ],
		"Flags" : { 
			"ErrorInvalid": "{0} has to be replaced",
			"Flags" : [ "default", "not_broken", "invalid" ]
		}
	},
    "DissipationCapacity" : 0,
    "Description" : {
        "Cost" : 0,
        "Rarity" : 0,
        "Purchasable" : false,
        "Manufacturer" : "",
        "Model" : "Placeholder",
        "UIName" : "Fusion Core Placeholder",
        "Id" : "emod_engine_dummy",
        "Name" : "Fusion Core Placeholder",
        "Details" : "Fusion engines function by harnessing the power of a fusion reaction, running on light hydrogen and protium.\r\nFusion engines are defined by their <b>engine rating</b>. For 'Mechs, the engine rating is the mathematical product of the mass of the vehicle and its desired maximum walking or cruising velocity.",
        "Icon" : "uixSvgIcon_equipment_Heatsink"
    },
    "BonusValueA" : " ",
    "BonusValueB" : " ",
    "ComponentType" : "HeatSink",
    "ComponentSubType" : "Heatsink",
    "PrefabIdentifier" : "",
    "BattleValue" : 0,
    "InventorySize" : 1,
    "Tonnage" : 0,
    "AllowedLocations" : "CenterTorso",
    "DisallowedLocations" : "All",
    "CriticalComponent" : false,
    "statusEffects" : null,
    "ComponentTags" : {
        "items" : [
            "component_type_stock"
        ],
        "tagSetSourceFile" : ""
    }
}
