{
	"Custom": {
		"WorkOrderCosts": {
			"Default": {
				"TechCost": "0",
				"CBillCost": "0"
			}
		},
        "Category" : [
            {"CategoryID": "EngineShield"},
            {"CategoryID": "EnginePart"}
        ],
		"Flags" : { "flags" : [ "default", "not_broken", "vital", "not_salvage" ] }
	},
    "Description" : {
        "Cost" : 0,
        "Rarity" : 0,
        "Purchasable" : false,
        "Manufacturer" : "Vlar",
        "Model" : "Standard",
        "UIName" : "Std. Engine",
        "Id" : "emod_engineslots_std_center",
        "Name" : "Standard Engine",
        "Details" : "Fusion engines function by harnessing the power of a fusion reaction, running on light hydrogen and protium.\r\nFusion engines are defined by their <b>engine rating</b>. For 'Mechs, the engine rating is the mathematical product of the mass of the vehicle and its desired maximum walking or cruising velocity.",
        "Icon" : "uixSvgIcon_equipment_Heatsink"
    },
    "BonusValueA" : "",
    "BonusValueB" : "",
    "ComponentType" : "HeatSink",
    "ComponentSubType" : "Heatsink",
    "PrefabIdentifier" : "",
    "BattleValue" : 0,
    "InventorySize" : 4,
    "Tonnage" : 0,
    "AllowedLocations" : "CenterTorso",
    "DisallowedLocations" : "All",
    "CriticalComponent" : false,
    "statusEffects" : null,
    "ComponentTags" : {
        "items" : [
            "component_type_stock"
        ],
        "tagSetSourceFile" : ""
    }
}
