{
	"Custom": {
		"EngineHeatBlock": {
			"HeatSinkCount": 7
		},
		"BonusDescriptions": {
			"Bonuses": [
				"Whitespace",
				"EngineHSAdd: 7"
			]
		},
		"WorkOrderCosts": {
			"Default": {
				"TechCost": "[[Chassis.Tonnage]] / 30",
				"CBillCost": "17 * [[Chassis.Tonnage]] * [[Chassis.Tonnage]]"
			},
			"Install": {
				"TechCost": "[[Chassis.Tonnage]] / 30",
				"CBillCost": "17 * [[Chassis.Tonnage]] * [[Chassis.Tonnage]]"
			}
		},
		"Category" : { 
			"CategoryID" : "EngineHeatBlock" 
		}
	},
    "DissipationCapacity" : 0,
    "Description" : {
        "Cost" : 1750000,
        "Rarity" : 0,
        "Purchasable" : true,
        "Manufacturer" : "Vlar",
        "Model" : "Engine Cooling System",
        "UIName" : "E-Cooling + 7",
        "Id" : "emod_engine_cooling_7",
        "Name" : "Engine Cooling + 7",
        "Details" : "The regenerative cooling system of an engine uses waste heat to generate power and is part of the Mech' cooling system. The engines integral heat sinks (a.k.a free heat sinks) are not common Mech' heat sinks and use up less volume.",
        "Icon" : "uixSvgIcon_equipment_Heatsink"
    },
    "BonusValueA" : " ",
    "BonusValueB" : " ",
    "ComponentType" : "HeatSink",
    "ComponentSubType" : "Heatsink",
    "PrefabIdentifier" : "",
    "BattleValue" : 0,
    "InventorySize" : 1,
    "Tonnage" : 7,
    "AllowedLocations" : "CenterTorso",
    "DisallowedLocations" : "All",
    "CriticalComponent" : false,
    "statusEffects" : null,
    "ComponentTags" : {
        "items" : [
            "component_type_stock"
        ],
        "tagSetSourceFile" : ""
    }
}
