{
	"Custom": {
		"BonusDescriptions": {
			"Bonuses": [
				"CoolingSystemDHS"
			]
		},
		"Cooling": {
			"HeatSinkDefId": "Gear_HeatSink_Generic_Double"
		},
		"WorkOrderCosts": {
			"Default": {
				"TechCost": "0",
				"CBillCost": "0"
			},
			"Install": {
				"TechCost": "0.4 * [[Chassis.Tonnage]] * [[Chassis.Tonnage]] / 40",
				"CBillCost": "2000 * [[Chassis.Tonnage]] * [[Chassis.Tonnage]] / 40"
			}
		},
        "Category" : [
            {"CategoryID": "Cooling"},
            {"CategoryID": "EnginePart"}
        ]
    },
    "DissipationCapacity" : 0,
    "Description" : {
        "Cost" : 2000000,
        "Rarity" : 0,
        "Purchasable" : false,
        "Manufacturer" : "Lostech",
        "Model" : "Cooling System",
        "UIName" : "Heat Sink Kit (DHS)",
        "Id" : "emod_kit_dhs",
        "Name" : "Heat Sink Kit (DHS)",
        "Details" : "A Mech' <b>Cooling System</b> provides heat dissipation for components inside the mech and compatible extension points for additional heat sinks throughout the mech. It differs from the closed cooling system of the engine.",
        "Icon" : "uixSvgIcon_equipment_Heatsink"
    },
    "BonusValueA" : "",
    "BonusValueB" : "",
    "ComponentType" : "HeatSink",
    "ComponentSubType" : "Heatsink",
    "PrefabIdentifier" : "",
    "BattleValue" : 0,
    "InventorySize" : 1,
    "Tonnage" : 0,
    "AllowedLocations" : "CenterTorso",
    "DisallowedLocations" : "All",
    "CriticalComponent" : false,
    "statusEffects" : null,
    "ComponentTags" : {
        "items" : [
            "component_type_stock"
        ],
        "tagSetSourceFile" : ""
    }
}
