{

	"Custom": {
		"EngineHeatSink": {
			"FullName": "Proto Double Heat Sinks",
			"Abbreviation": "PDHS",
			"Tag": "PDHS"
		},	
		"ComponentExplosion": { "HeatDamage": 12, "ExplosionDamage": 25, "StabilityDamage": 10 }		
	},

    "DissipationCapacity" : 6,
    "Description" : {
        "Cost" : 200000,
        "Rarity" : 10,
        "Purchasable" : true,
        "Manufacturer" : "Friden",
        "Model" : "Prototype",
        "UIName" : "Heat Sink Prototype Double (D)",
        "Id" : "Gear_HeatSink_Prototype_Double",
        "Name" : "Heat Sink Prototype Double (D)",
        "Details" : "These Prototype Double Heat Sinks were created by House Davion researchers. Unlike the Double Heat Sinks used by the Star League and after the War of 3039 these prototype units were smaller. As an experiment, they worked adequately, but their use of liquid heavy metals instead of the safer (if larger) radiators used in SLDF double heat sinks meant that they have been highly unstable. <b><color=#099ff2>VOLATILE!</color></b>",
        "Icon" : "uixSvgIcon_equipment_Heatsink"
    },
    "BonusValueA" : "- 6 Heat / Turn",
    "BonusValueB" : "",
    "ComponentType" : "HeatSink",
    "ComponentSubType" : "Heatsink",
    "PrefabIdentifier" : "",
    "BattleValue" : 0,
    "InventorySize" : 1,
    "Tonnage" : 1,
    "AllowedLocations" : "All",
    "DisallowedLocations" : "All",
    "CriticalComponent" : false,
    "statusEffects" : null,
    "ComponentTags" : {
        "items" : [
            "component_type_stock"
        ],
        "tagSetSourceFile" : ""
    }
}
