{
	"Custom": {
		"EngineHeatSink": {
			"FullName": "Double Heat Sinks",
			"Abbreviation": "DHS",
			"Tag": "DHS"
		}
	},
    "DissipationCapacity" : 6,
    "Description" : {
        "Cost" : 200000,
        "Rarity" : 100,
        "Purchasable" : false,
        "Manufacturer" : "Generic",
        "Model" : "Double",
        "UIName" : "Heat Sink (D)",
        "Id" : "Gear_HeatSink_Generic_Double",
        "Name" : "Heat Sink Double (D)",
        "Details" : "Double Heat Sinks provide twice the efficiency of standard Heat Sinks, though with increased bulkiness. Like standard Heat Sinks, their effectiveness can be impacted by the surrounding environment, positively or negatively.",
        "Icon" : "uixSvgIcon_equipment_Heatsink"
    },
    "BonusValueA" : "- 6 Heat / Turn",
    "BonusValueB" : "",
    "ComponentType" : "HeatSink",
    "ComponentSubType" : "Heatsink",
    "PrefabIdentifier" : "",
    "BattleValue" : 0,
    "InventorySize" : 3,
    "Tonnage" : 1,
    "AllowedLocations" : "All",
    "DisallowedLocations" : "All",
    "CriticalComponent" : false,
    "statusEffects" : null,
    "ComponentTags" : {
        "items" : [
            "component_type_stock"
        ],
        "tagSetSourceFile" : ""
    }
}

