{
	"Custom": {
		"EngineHeatSink": {
			"FullName": "Standard Heat Sinks",
			"Abbreviation": "SHS",
			"Tag": "SHS"
		},
		"Flags": {
            "flags": [
                "not_broken",
                "no_salvage"
            ]
        }
	},
    "DissipationCapacity" : 3,
    "Description" : {
        "Cost" : 30000,
        "Rarity" : 0,
        "Purchasable" : true,
        "Manufacturer" : "Generic",
        "Model" : "Standard",
        "UIName" : "Heat Sink",
        "Id" : "Gear_HeatSink_Generic_Standard",
        "Name" : "Heat Sink Standard (S)",
        "Details" : "Heat Sinks actively expel thermal energy generated from firing weaponry or other sources, preventing damage from excessive heat buildup. Their effectiveness can be impacted by the surrounding environment, positively or negatively.",
        "Icon" : "uixSvgIcon_equipment_Heatsink"
    },
    "BonusValueA" : "- 3 Heat / Turn",
    "BonusValueB" : "",
    "ComponentType" : "HeatSink",
    "ComponentSubType" : "Heatsink",
    "PrefabIdentifier" : "",
    "BattleValue" : 0,
    "InventorySize" : 1,
    "Tonnage" : 1,
    "AllowedLocations" : "All",
    "DisallowedLocations" : "All",
    "CriticalComponent" : false,
    "statusEffects" : null,
    "ComponentTags" : {
        "items" : [
            "component_type_stock"
        ],
        "tagSetSourceFile" : ""
    }
}
