{
    "Custom": {
	"Category": [{
            "CategoryID": "Heatsink"
        }],
        "EngineHeatSink": {
            "FullName": "Laser Heat Sinks",
            "Abbreviation": "LHS",
            "Tag": "LHS"
        },
        "BonusDescriptions": {
            "Bonuses": [
                "EndMoveHeat: -6"
            ]
        },
        "InventorySorter": {
            "SortKey": "00015"
        }
    },
    "DissipationCapacity": 0,
    "Description": {
        "Cost": 930000,
        "Rarity": 20,
        "Purchasable": false,
        "Manufacturer": "Clan",
        "Model": "Clan Double",
        "UIName": "Laser Heat Sink (C)",
        "Id": "Gear_HeatSink_Generic_Laser_Clan",
        "Name": "Laser Heat Sink (C)",
        "Details": "Functionally identical to a Clan-tech double heat sink, the lack of liquid and gas in the system reduces the chances of heat-based ammunition cook-off and means that laser heat sinks don't get the decreased performance on warmer worlds that single and double heat sinks have, while at the same time preventing laser heat sinks from taking advantage of immersion in water or colder weather to boost their performance.",
        "Icon": "uixSvgIcon_equipment_Heatsink"
    },
    "BonusValueA": "- 6 Heat / Turn",
    "BonusValueB": "",
    "ComponentType": "HeatSink",
    "ComponentSubType": "Heatsink",
    "PrefabIdentifier": "",
    "BattleValue": 0,
    "InventorySize": 2,
    "Tonnage": 1,
    "AllowedLocations": "All",
    "DisallowedLocations": "All",
    "CriticalComponent": false,
    "statusEffects": [
		{
            "durationData": {
                "duration": -1,
                "ticksOnActivations": false,
                "useActivationsOfTarget": false,
                "ticksOnEndOfRound": false,
                "ticksOnMovements": false,
                "stackLimit": -1,
                "clearedWhenAttacked": false
            },
            "targetingData": {
                "effectTriggerType": "Passive",
                "triggerLimit": 0,
                "extendDurationOnTrigger": 0,
                "specialRules": "NotSet",
                "effectTargetType": "Creator",
                "range": 0,
                "forcePathRebuild": false,
                "forceVisRebuild": false,
                "showInTargetPreview": false,
                "showInStatusPanel": false
            },
            "effectType": "StatisticEffect",
            "Description": {
                "Id": "LHS_Heat_Venting_6",
                "Name": "Laser Heat Sink",
                "Details": "Laser Heat Sink system venting 6 heat",
                "Icon": "uixSvgIcon_equipment_ThermalExchanger"
            },
            "nature": "Buff",
            "statisticData": {
                "appliesEachTick": false,
                "effectsPersistAfterDestruction": false,
                "statName": "EndMoveHeat",
                "operation": "Int_Add",
                "modValue": "-6",
                "modType": "System.Int32",
                "additionalRules": "NotSet",
                "targetCollection": "NotSet",
                "targetWeaponCategory": "NotSet",
                "targetWeaponType": "NotSet",
                "targetAmmoCategory": "NotSet",
                "targetWeaponSubType": "NotSet"
            },
            "tagData": null,
            "floatieData": null,
            "actorBurningData": null,
            "vfxData": null,
            "instantModData": null,
            "poorlyMaintainedEffectData": null
        }
	],
    "ComponentTags": {
        "items": [
            "component_type_stock"
        ],
        "tagSetSourceFile": ""
    }
}