{
    "Custom": {
        "Category": [{
            "CategoryID": "PartialWing"
        }],
        "Flags": {
            "flags": [
                "not_broken",
				"no_salvage"
            ]
        },
        "BonusDescriptions": {
            "Bonuses": [
                "HeatPerTurn: -9",
                "JumpDistance: +30%"
            ]
        },
        "InventorySorter": {
            "SortKey": "00028"
        }
    },
    "JumpCapacity": 1,
    "MinTonnage": 30,
    "MaxTonnage": 30,
    "Description": {
        "Cost": 125000,
        "Rarity": 3,
        "Purchasable": false,
        "Manufacturer": "Generic",
        "Model": "S",
        "UIName": "Partial Wing System (30T)",
        "Id": "Gear_PartialWing_Generic_Standard30",
        "Name": "Partial Wing System (30T)",
        "Details": "The partial wing system offers increased jump capability and reduced DFA self-damage. In addition, its large surface area allows a 'Mech to more efficiently radiate excess heat. For 30T 'Mechs.",
        "Icon": "uixSvgIcon_action_jump"
    },
    "BonusValueA": "+ 30% Jump Jet Dist.",
    "BonusValueB": "- 9 Heat / Turn",
    "ComponentType": "JumpJet",
    "ComponentSubType": "Functionality",
    "PrefabIdentifier": "JumpJet",
    "BattleValue": 0,
    "InventorySize": 2,
    "Tonnage": 3,
    "AllowedLocations": "CenterTorso",
    "DisallowedLocations": "All",
    "CriticalComponent": false,
    "statusEffects": [
        {
            "durationData": {
                "duration": -1,
                "ticksOnActivations": false,
                "useActivationsOfTarget": false,
                "ticksOnEndOfRound": false,
                "ticksOnMovements": false,
                "stackLimit": 1,
                "clearedWhenAttacked": false
            },
            "targetingData": {
                "effectTriggerType": "Passive",
                "triggerLimit": 0,
                "extendDurationOnTrigger": 0,
                "specialRules": "NotSet",
                "effectTargetType": "Creator",
                "range": 0,
                "forcePathRebuild": false,
                "forceVisRebuild": false,
                "showInTargetPreview": false,
                "showInStatusPanel": true
            },
            "effectType": "StatisticEffect",
            "Description": {
                "Id": "PartialWingSink",
                "Name": "PARTIAL WING SYSTEM",
                "Details": "The partial wing system's large surface area efficiently radiates excess heat.",
                "Icon": "uixSvgIcon_designMask_mineral"
            },
            "statisticData": {
                "statName": "HeatSinkCapacity",
                "operation": "Int_Add",
                "modValue": "9",
                "modType": "System.Int32"
            },
            "nature": "Buff"
        },
        {
            "durationData": {
                "duration": -1,
                "ticksOnActivations": false,
                "useActivationsOfTarget": false,
                "ticksOnEndOfRound": false,
                "ticksOnMovements": false,
                "stackLimit": 1,
                "clearedWhenAttacked": false
            },
            "targetingData": {
                "effectTriggerType": "Passive",
                "triggerLimit": 0,
                "extendDurationOnTrigger": 0,
                "specialRules": "NotSet",
                "effectTargetType": "Creator",
                "range": 0,
                "forcePathRebuild": false,
                "forceVisRebuild": false,
                "showInTargetPreview": false,
                "showInStatusPanel": true
            },
            "effectType": "StatisticEffect",
            "Description": {
                "Id": "StatusEffect-Jump_Distance-T3",
                "Name": "JUMP DISTANCE INCREASED",
                "Details": "The Partial Wing System increases Jump Jet jump distance by 30%",
                "Icon": "uixSvgIcon_equipment_Gyro"
            },
            "nature": "Buff",
            "statisticData": {
                "appliesEachTick": false,
                "effectsPersistAfterDestruction": false,
                "statName": "JumpDistanceMultiplier",
                "operation": "Float_Multiply",
                "modValue": "1.3",
                "modType": "System.Single",
                "additionalRules": "NotSet",
                "targetCollection": "NotSet",
                "targetWeaponCategory": "NotSet",
                "targetWeaponType": "NotSet",
                "targetAmmoCategory": "NotSet",
                "targetWeaponSubType": "NotSet"
            },
            "tagData": null,
            "floatieData": null,
            "actorBurningData": null,
            "vfxData": null,
            "instantModData": null,
            "poorlyMaintainedEffectData": null
        },
		{
            "durationData" : {
                "duration" : -1,
                "ticksOnActivations" : false,
                "useActivationsOfTarget" : false,
                "ticksOnEndOfRound" : false,
                "ticksOnMovements" : false,
                "stackLimit" : -1,
                "clearedWhenAttacked" : false
            },
            "targetingData" : {
                "effectTriggerType" : "Passive",
                "triggerLimit" : 0,
                "extendDurationOnTrigger" : 0,
                "specialRules" : "NotSet",
                "effectTargetType" : "Creator",
                "range" : 0,
                "forcePathRebuild" : false,
                "forceVisRebuild" : false,
                "showInTargetPreview" : false,
                "showInStatusPanel" : true
            },
            "effectType" : "StatisticEffect",
            "Description" : {
                "Id" : "StatusEffect-Attack_SelfDamageDFA-T1",
                "Name" : "DFA SELF-INFLICTED DAMAGE DECREASED",
                "Details" : "DFA attacks deal [AMT] less damage to the attacker.",
                "Icon" : "uixSvgIcon_equipment_ActuatorLeg"
            },
            "nature" : "Buff",
            "statisticData" : {
                "appliesEachTick" : false,
                "effectsPersistAfterDestruction" : false,
                "statName" : "DFASelfDamage",
                "operation" : "Float_Subtract",
                "modValue" : "10.0",
                "modType" : "System.Single",
                "additionalRules" : "NotSet",
                "targetCollection" : "NotSet",
                "targetWeaponCategory" : "NotSet",
                "targetWeaponType" : "NotSet",
                "targetAmmoCategory" : "NotSet",
                "targetWeaponSubType" : "DFA"
            },
            "tagData" : null,
            "floatieData" : null,
            "actorBurningData" : null,
            "vfxData" : null,
            "instantModData" : null,
            "poorlyMaintainedEffectData" : null
        }
    ],
    "ComponentTags": {
        "items": [
            "component_type_stock",
            "BLACKLISTED"			
        ],
        "tagSetSourceFile": ""
    }
}
