{
	"Custom": {
		"ComponentExplosion": { 
			"ExplosionDamage": 50,
			"StabilityDamage": 10 
		},
        "BonusDescriptions": {
            "Bonuses": [
                "JumpCapacity: 1.25",
				"JumpHeat: 2",
				"MinWeightJJ: 60",
				"MaxWeightJJ: 85",
				"MaxCountJJ: 1.6"
            ]
        },
		"Flags": {
            "flags": [
                "not_broken",
				"no_salvage"
            ]
        }
    },
    "JumpCapacity" : 1.25,
    "MinTonnage" : 60,
    "MaxTonnage" : 85,
    "Description" : {
        "Cost" : 60000,
        "Rarity" : 1,
        "Purchasable" : true,
        "Manufacturer" : "Generic",
        "Model" : "Heavy",
        "UIName" : "Prototype Improved Jump Jet",
        "Id" : "Gear_JumpJet_Improved_Heavy_Prototype",
        "Name" : "Prototype Improved Heavy Jump Jet",
        "Details" : "Designed by the Federated Suns in the waning days of the FedCom Civil War, these jump jets are an experimental attempt to improve jump capacity and even exceeding standard jump jet limitations. While the experiment was a success in that the jump jets could exceed normal jump jet limitations and had increased jump capacity, it had a unfortunate downside in that the jump jets exploded violently when damaged, which doomed the initial prototype.",
        "Icon" : "uixSvgIcon_action_jump"
    },
    "BonusValueA" : null,
    "BonusValueB" : null,
    "ComponentType" : "JumpJet",
    "ComponentSubType" : "Functionality",
    "PrefabIdentifier" : "JumpJet",
    "BattleValue" : 0,
    "InventorySize" : 1,
    "Tonnage" : 1,
    "AllowedLocations" : "Torso, Legs",
    "DisallowedLocations" : "Head, Arms",
    "CriticalComponent" : false,
    "statusEffects": [
	 {
            "durationData": {
                "duration": -1,
                "stackLimit": -1
            },
            "targetingData": {
                "effectTriggerType": "Passive",
                "effectTargetType": "Creator",
                "showInTargetPreview": false,
                "showInStatusPanel": false
            },
            "effectType": "StatisticEffect",
            "Description": {
                "Id": "StatusEffect-JumpHeat",
                "Name": "Jump Jet Heat",
                "Details": "This Jump Jets Heat Generation per Hex",
                "Icon": "uixSvgIcon_equipment_ThermalExchanger"
            },
            "nature": "Buff",
            "statisticData": {
                "statName": "JumpHeat",
                "operation": "Float_Add",
                "modValue": "2",
                "modType": "System.Single"
            }
        },
		 {
            "durationData": {
                "duration": -1,
                "stackLimit": -1
            },
            "targetingData": {
                "effectTriggerType": "Passive",
                "effectTargetType": "Creator",
                "showInTargetPreview": false,
                "showInStatusPanel": false
            },
            "effectType": "StatisticEffect",
            "Description": {
                "Id": "StatusEffect-JumpAmount",
                "Name": "Jump Jet Amount",
                "Details": "Max Jump Jet Amount per Walk MP",
                "Icon": "uixSvgIcon_equipment_ThermalExchanger"
            },
            "nature": "Buff",
            "statisticData": {
                "statName": "JumpJetCountMultiplier",
                "operation": "Set",
                "modValue": "1.6",
                "modType": "System.Single"
            }
        }
	],
    "ComponentTags" : {
        "items" : [
            "component_type_stock"
        ],
        "tagSetSourceFile" : ""
    }
}
