{
	"Custom": {
		"Category": [
			{
            "CategoryID": "ImprovedJJ"
			}
		],
        "BonusDescriptions": {
            "Bonuses": [
                "JumpCapacity: 1.5",
				"JumpHeat: 1.6",
				"MinWeightJJ: 10",
				"MaxWeightJJ: 55",
				"MaxCountJJ: 1.5"
            ]
        }
    },
    "JumpCapacity" : 1.5,
    "MinTonnage" : 10,
    "MaxTonnage" : 55,
    "Description" : {
        "Cost" : 30000,
        "Rarity" : 0,
        "Purchasable" : true,
        "Manufacturer" : "Generic",
        "Model" : "Standard",
        "UIName" : "Improved Jump Jet (S)",
        "Id" : "Gear_JumpJet_Improved_Standard",
        "Name" : "Improved Standard Jump Jet (S)",
        "Details" : "Jump Jets funnel superheated air to propel 'Mechs over obstacles in a controlled manner. Additionally, they may also be used to perform the dreaded 'Death from Above' attack. Standard Jump Jets are specially designed for use on 'Mechs up to 55 tons. Improved Jump Jets allow more of them to be stacked onto a mech than normal jump jets, increasing your available jump distance accordingly. Improved Jump Jets also make much less heat than a normal jump jet.",
        "Icon" : "uixSvgIcon_action_jump"
    },
    "BonusValueA" : null,
    "BonusValueB" : null,
    "ComponentType" : "JumpJet",
    "ComponentSubType" : "Functionality",
    "PrefabIdentifier" : "JumpJet",
    "BattleValue" : 0,
    "InventorySize" : 2,
    "Tonnage" : 1,
    "AllowedLocations" : "Torso, Legs",
    "DisallowedLocations" : "Head, Arms",
    "CriticalComponent" : false,
    "statusEffects": [
	 {
            "durationData": {
                "duration": -1,
                "stackLimit": -1
            },
            "targetingData": {
                "effectTriggerType": "Passive",
                "effectTargetType": "Creator",
                "showInTargetPreview": false,
                "showInStatusPanel": false
            },
            "effectType": "StatisticEffect",
            "Description": {
                "Id": "StatusEffect-JumpHeat",
                "Name": "Jump Jet Heat",
                "Details": "This Jump Jets Heat Generation per Hex",
                "Icon": "uixSvgIcon_equipment_ThermalExchanger"
            },
            "nature": "Buff",
            "statisticData": {
                "statName": "JumpHeat",
                "operation": "Float_Add",
                "modValue": "1.5",
                "modType": "System.Single"
            }
        },
		 {
            "durationData": {
                "duration": -1,
                "stackLimit": -1
            },
            "targetingData": {
                "effectTriggerType": "Passive",
                "effectTargetType": "Creator",
                "showInTargetPreview": false,
                "showInStatusPanel": false
            },
            "effectType": "StatisticEffect",
            "Description": {
                "Id": "StatusEffect-JumpAmount",
                "Name": "Jump Jet Amount",
                "Details": "Max Jump Jet Amount per Walk MP",
                "Icon": "uixSvgIcon_equipment_ThermalExchanger"
            },
            "nature": "Buff",
            "statisticData": {
                "statName": "JumpJetCountMultiplier",
                "operation": "Set",
                "modValue": "1.6",
                "modType": "System.Single"
            }
        }
	],
    "ComponentTags" : {
        "items" : [
            "component_type_stock"
        ],
        "tagSetSourceFile" : ""
    }
}
