{
    "TargetID": "event_mw_triage",
    "Instructions": [
        {
            "JSONPath": "Options[0].ResultSets[0].Results[0].Actions",
            "Action": "Replace",
            "Value": [
			{
				"Type" : "MechWarrior_Kill",
				"value" : "1",
				"valueConstant" : null,
				"additionalValues" : [
					"declared dead on the operating table."
				]
			}
		]
        },
        {
            "JSONPath": "Options[1].ResultSets[1].Results[0].Actions",
            "Action": "Replace",
            "Value": [
			{
				"Type" : "MechWarrior_Kill",
				"value" : "1",
				"valueConstant" : null,
				"additionalValues" : [
					"declared dead on the operating table."
				]
			}
		]
        },
        {
            "JSONPath": "Options[2].ResultSets[1].Results[2].Actions",
            "Action": "Replace",
            "Value": [
			{
				"Type" : "MechWarrior_Kill",
				"value" : "1",
				"valueConstant" : null,
				"additionalValues" : [
					"declared dead on the operating table."
				]
			}
		]
        }	
    ]
}
