{
    "Custom": {
        "ComponentExplosion": {
            "StabilityDamage": 100
        },
        "Category": [{
            "CategoryID": "Gyro"
        }],
        "WorkOrderCosts": {
            "Install": {
                "TechCost": "1",
                "CBillCost": "[[Chassis.Tonnage]]"
            }
        },
        "BonusDescriptions": {
            "Bonuses": [
                "EvaMax: +1",
                "EvaPips: +1",
                "Defense: +1",
                "GyroStab: 40"
            ]
        },
        "InventorySorter": {
            "SortKey": "00022"
        }
    },
    "StatName": null,
    "RelativeModifier": 0,
    "AbsoluteModifier": 0,
    "Description": {
        "Cost": 900000,
        "Rarity": 4,
        "Purchasable": true,
        "Manufacturer": "Friedhof",
        "Model": "Sparrow",
        "UIName": "Gyro Defense + +",
        "Id": "Gear_Gyro_Friedhof_Sparrow",
        "Name": "Friedhof Sparrow Gyro",
        "Details": "Gyros counteract the massive amounts of momentum generated from 'Mech engines and allow for precision maneuvering and recovery from stability-impacting attacks. All 'Mechs come equipped with a stock Gyro, which can be upgraded for improved performance.",
        "Icon": "uixSvgIcon_equipment_Gyro"
    },
    "BonusValueA": "+ 3 Hit Defense",
    "BonusValueB": "",
    "ComponentType": "Upgrade",
    "ComponentSubType": "NotSet",
    "PrefabIdentifier": "",
    "BattleValue": 0,
    "InventorySize": 3,
    "Tonnage": 0,
    "AllowedLocations": "CenterTorso",
    "DisallowedLocations": "All",
    "CriticalComponent": false,
    "statusEffects": [
        {
            "durationData": {
                "duration": -1,
                "stackLimit": -1
            },
            "targetingData": {
                "effectTriggerType": "Passive",
                "effectTargetType": "Creator"
            },
            "effectType": "StatisticEffect",
            "Description": {
                "Id": "MaxEvasion",
                "Name": "EVASIVE MOVE",
                "Details": "This unit generates an extra EVASIVE charge from movement actions (up to its maximum).",
                "Icon": "uixSvgIcon_action_evasivemove"
            },
            "statisticData": {
                "statName": "MaxEvasivePips",
                "operation": "Int_Add",
                "modValue": "1",
                "modType": "System.Int32"
            },
            "nature": "Buff"
        },
        {
            "durationData": {
                "duration": -1,
                "stackLimit": -1
            },
            "targetingData": {
                "effectTriggerType": "Passive",
                "effectTargetType": "Creator",
                "showInStatusPanel": false
            },
            "effectType": "StatisticEffect",
            "Description": {
                "Id": "GainEvasion",
                "Name": "EVASIVE MOVE",
                "Details": "This unit generates an extra EVASIVE charge from movement actions (up to its maximum).",
                "Icon": "uixSvgIcon_action_evasivemove"
            },
            "statisticData": {
                "statName": "EvasivePipsGainedAdditional",
                "operation": "Int_Add",
                "modValue": "1",
                "modType": "System.Int32"
            },
            "nature": "Buff"
        },
        {
            "durationData": {
                "duration": -1,
                "ticksOnActivations": false,
                "useActivationsOfTarget": false,
                "ticksOnEndOfRound": false,
                "ticksOnMovements": false,
                "stackLimit": -1,
                "clearedWhenAttacked": false
            },
            "targetingData": {
                "effectTriggerType": "Passive",
                "triggerLimit": 0,
                "extendDurationOnTrigger": 0,
                "specialRules": "NotSet",
                "effectTargetType": "Creator",
                "range": 0,
                "forcePathRebuild": false,
                "forceVisRebuild": false,
                "showInTargetPreview": false,
                "showInStatusPanel": true
            },
            "effectType": "StatisticEffect",
            "Description": {
                "Id": "StatusEffect-Defense_ToHit-T3",
                "Name": "HARDER TO HIT",
                "Details": "Provides a penalty to all attacks against this unit.",
                "Icon": "uixSvgIcon_equipment_Gyro"
            },
            "nature": "Buff",
            "statisticData": {
                "appliesEachTick": false,
                "effectsPersistAfterDestruction": false,
                "statName": "ToHitThisActor",
                "operation": "Float_Add",
                "modValue": "1.0",
                "modType": "System.Single",
                "additionalRules": "NotSet",
                "targetCollection": "NotSet",
                "targetWeaponCategory": "NotSet",
                "targetWeaponType": "NotSet",
                "targetAmmoCategory": "NotSet",
                "targetWeaponSubType": "NotSet"
            },
            "tagData": null,
            "floatieData": null,
            "actorBurningData": null,
            "vfxData": null,
            "instantModData": null,
            "poorlyMaintainedEffectData": null
        },
        {
            "durationData": {
                "duration": -1
            },
            "targetingData": {
                "effectTriggerType": "Passive",
                "effectTargetType": "Creator",
                "showInTargetPreview": false,
                "showInStatusPanel": false
            },
            "effectType": "StatisticEffect",
            "Description": {
                "Id": "GyroGenericThreshhold",
                "Name": "Gyroscopic Orientation",
                "Details": "The gyro helps establish center-of-mass equilibrium for the BattleMech.",
                "Icon": "uixSvgIcon_equipment_Gyro"
            },
            "statisticData": {
                "statName": "UnsteadyThreshold",
                "operation": "Float_Add",
                "modValue": "40.0",
                "modType": "System.Single"
            },
            "nature": "Buff"
        }
    ],
    "ComponentTags": {
        "items": [
            "component_type_variant",
            "component_type_variant3"
        ],
        "tagSetSourceFile": ""
    }
}
