{
    "Custom": {
        "ComponentExplosion": {
            "StabilityDamage": 100
        },
        "Category": [{
            "CategoryID": "Gyro"
        }],
        "WorkOrderCosts": {
            "Install": {
                "TechCost": "1",
                "CBillCost": "[[Chassis.Tonnage]]"
            }
        },
        "BonusDescriptions": {
            "Bonuses": [
                "SureFoot",
                "StabDamageTaken: -10%",
                "GyroStab: 40"
            ]
        },
        "InventorySorter": {
            "SortKey": "00022"
        }
    },
    "StatName": null,
    "RelativeModifier": 0,
    "AbsoluteModifier": 0,
    "Description": {
        "Cost": 600000,
        "Rarity": 4,
        "Purchasable": true,
        "Manufacturer": "Rawlings",
        "Model": "StabiliTrak 10",
        "UIName": "Gyro Stab +",
        "Id": "Gear_Gyro_Rawlings_StabiliTrak-10",
        "Name": "Rawlings StabiliTrak 10 Gyro",
        "Details": "Gyros counteract the massive amounts of momentum generated from 'Mech engines and allow for precision maneuvering and recovery from stability-impacting attacks. All 'Mechs come equipped with a stock Gyro, which can be upgraded for improved performance.",
        "Icon": "uixSvgIcon_equipment_Gyro"
    },
    "BonusValueA": "- 20% Stb.Dmg. Taken",
    "BonusValueB": "",
    "ComponentType": "Upgrade",
    "ComponentSubType": "NotSet",
    "PrefabIdentifier": "",
    "BattleValue": 0,
    "InventorySize": 3,
    "Tonnage": 0,
    "AllowedLocations": "CenterTorso",
    "DisallowedLocations": "All",
    "CriticalComponent": false,
    "statusEffects": [
        {
            "durationData": {
                "duration": -1,
                "stackLimit": 1
            },
            "targetingData": {
                "effectTriggerType": "Passive",
                "effectTargetType": "Creator"
            },
            "effectType": "StatisticEffect",
            "Description": {
                "Id": "GyroSureFoot",
                "Name": "BULWARK",
                "Details": "PASSIVE: This unit is GUARDED (50% damage reduction against ranged attacks to the front and side) from remaining stationary.Increases Melee Damage by 10%.",
                "Icon": "uixSvgIcon_ability_bulwark"
            },
            "statisticData": {
                "statName": "GainEntrenchedOnNormalMove",
                "operation": "Set",
                "modValue": "true",
                "modType": "System.Boolean"
            },
            "nature": "Buff"
        },
        {
            "durationData": {
                "duration": -1,
                "ticksOnActivations": false,
                "useActivationsOfTarget": false,
                "ticksOnEndOfRound": false,
                "ticksOnMovements": false,
                "stackLimit": 1,
                "clearedWhenAttacked": false
            },
            "targetingData": {
                "effectTriggerType": "Passive",
                "triggerLimit": 0,
                "extendDurationOnTrigger": 0,
                "specialRules": "NotSet",
                "effectTargetType": "Creator",
                "range": 0,
                "forcePathRebuild": false,
                "forceVisRebuild": false,
                "showInTargetPreview": false,
                "showInStatusPanel": true
            },
            "effectType": "StatisticEffect",
            "Description": {
                "Id": "StatusEffect-Defense_StabilityAll-T2",
                "Name": "INCOMING STABILITY DAMAGE DECREASED",
                "Details": "Incoming stability damage reduced by 20%.",
                "Icon": "uixSvgIcon_equipment_Gyro"
            },
            "nature": "Buff",
            "statisticData": {
                "appliesEachTick": false,
                "effectsPersistAfterDestruction": false,
                "statName": "ReceivedInstabilityMultiplier",
                "operation": "Float_Multiply",
                "modValue": "0.9",
                "modType": "System.Single",
                "additionalRules": "NotSet",
                "targetCollection": "NotSet",
                "targetWeaponCategory": "NotSet",
                "targetWeaponType": "NotSet",
                "targetAmmoCategory": "NotSet",
                "targetWeaponSubType": "NotSet"
            },
            "tagData": null,
            "floatieData": null,
            "actorBurningData": null,
            "vfxData": null,
            "instantModData": null,
            "poorlyMaintainedEffectData": null
        },
        {
            "durationData": {
                "duration": -1
            },
            "targetingData": {
                "effectTriggerType": "Passive",
                "effectTargetType": "Creator",
                "showInTargetPreview": false,
                "showInStatusPanel": false
            },
            "effectType": "StatisticEffect",
            "Description": {
                "Id": "GyroGenericThreshhold",
                "Name": "Gyroscopic Orientation",
                "Details": "The gyro helps establish center-of-mass equilibrium for the BattleMech.",
                "Icon": "uixSvgIcon_equipment_Gyro"
            },
            "statisticData": {
                "statName": "UnsteadyThreshold",
                "operation": "Float_Add",
                "modValue": "40.0",
                "modType": "System.Single"
            },
            "nature": "Buff"
        }
    ],
    "ComponentTags": {
        "items": [
            "component_type_variant",
            "component_type_variant2"
        ],
        "tagSetSourceFile": ""
    }
}
