{
    "Custom": {
        "ComponentExplosion": {
            "StabilityDamage": 100
        },
        "Category": [{
            "CategoryID": "Gyro"
        }],
        "WorkOrderCosts": {
            "Install": {
                "TechCost": "1",
                "CBillCost": "[[Chassis.Tonnage]]"
            }
        },
        "BonusDescriptions": {
            "Bonuses": [
                "MeleeAcc: +1",
                "MeleeDef: +1",
                "GyroStab: 40"
            ]
        },
        "InventorySorter": {
            "SortKey": "00022"
        }
    },
    "StatName": null,
    "RelativeModifier": 0,
    "AbsoluteModifier": 0,
    "Description": {
        "Cost": 600000,
        "Rarity": 2,
        "Purchasable": true,
        "Manufacturer": "Coventry",
        "Model": "Mark 85",
        "UIName": "Gyro Melee +",
        "Id": "Gear_Gyro_Coventry_Mark-85",
        "Name": "Coventry Mark 85 Gyro",
        "Details": "Gyros counteract the massive amounts of momentum generated from 'Mech engines and allow for precision maneuvering and recovery from stability-impacting attacks. All 'Mechs come equipped with a stock Gyro, which can be upgraded for improved performance.",
        "Icon": "uixSvgIcon_equipment_Gyro"
    },
    "BonusValueA": "+ 2 Melee Hit",
    "BonusValueB": "",
    "ComponentType": "Upgrade",
    "ComponentSubType": "NotSet",
    "PrefabIdentifier": "",
    "BattleValue": 0,
    "InventorySize": 3,
    "Tonnage": 0,
    "AllowedLocations": "CenterTorso",
    "DisallowedLocations": "All",
    "CriticalComponent": false,
    "statusEffects": [
        {
            "durationData": {
                "duration": -1,
                "ticksOnActivations": false,
                "useActivationsOfTarget": false,
                "ticksOnEndOfRound": false,
                "ticksOnMovements": false,
                "stackLimit": 1,
                "clearedWhenAttacked": false
            },
            "targetingData": {
                "effectTriggerType": "Passive",
                "triggerLimit": 0,
                "extendDurationOnTrigger": 0,
                "specialRules": "NotSet",
                "effectTargetType": "Creator",
                "range": 0,
                "forcePathRebuild": false,
                "forceVisRebuild": false,
                "showInTargetPreview": false,
                "showInStatusPanel": false
            },
            "effectType": "StatisticEffect",
            "Description": {
                "Id": "GyroMeleeDef",
                "Name": "GECM Interference",
                "Details": "Guardian ECM making this unit harder to hit.",
                "Icon": "uixSvgIcon_equipment_Gyro"
            },
            "nature": "Buff",
            "statisticData": {
                "appliesEachTick": false,
                "effectsPersistAfterDestruction": false,
                "statName": "ToHitThisActor",
                "operation": "Float_Add",
                "modValue": "1.0",
                "modType": "System.Single",
                "targetWeaponSubType": "Melee"
            },
            "tagData": null,
            "floatieData": null,
            "actorBurningData": null,
            "vfxData": null,
            "instantModData": null,
            "poorlyMaintainedEffectData": null
        },
        {
            "durationData": {
                "duration": -1,
                "ticksOnActivations": false,
                "useActivationsOfTarget": false,
                "ticksOnEndOfRound": false,
                "ticksOnMovements": false,
                "stackLimit": -1,
                "clearedWhenAttacked": false
            },
            "targetingData": {
                "effectTriggerType": "Passive",
                "triggerLimit": 0,
                "extendDurationOnTrigger": 0,
                "specialRules": "NotSet",
                "effectTargetType": "Creator",
                "range": 0,
                "forcePathRebuild": false,
                "forceVisRebuild": false,
                "showInTargetPreview": false,
                "showInStatusPanel": true
            },
            "effectType": "StatisticEffect",
            "Description": {
                "Id": "StatusEffect-Attack_ToHitMelee-T2",
                "Name": "MELEE HIT CHANCE IMPROVED",
                "Details": "Melee attacks attempted have their hit improved.",
                "Icon": "uixSvgIcon_equipment_Gyro"
            },
            "nature": "Buff",
            "statisticData": {
                "appliesEachTick": false,
                "effectsPersistAfterDestruction": false,
                "statName": "AccuracyModifier",
                "operation": "Float_Add",
                "modValue": "-1.0",
                "modType": "System.Single",
                "additionalRules": "NotSet",
                "targetCollection": "Weapon",
                "targetWeaponCategory": "NotSet",
                "targetWeaponType": "NotSet",
                "targetAmmoCategory": "NotSet",
                "targetWeaponSubType": "Melee"
            },
            "tagData": null,
            "floatieData": null,
            "actorBurningData": null,
            "vfxData": null,
            "instantModData": null,
            "poorlyMaintainedEffectData": null
        },
        {
            "durationData": {
                "duration": -1
            },
            "targetingData": {
                "effectTriggerType": "Passive",
                "effectTargetType": "Creator",
                "showInTargetPreview": false,
                "showInStatusPanel": false
            },
            "effectType": "StatisticEffect",
            "Description": {
                "Id": "GyroGenericThreshhold",
                "Name": "Gyroscopic Orientation",
                "Details": "The gyro helps establish center-of-mass equilibrium for the BattleMech.",
                "Icon": "uixSvgIcon_equipment_Gyro"
            },
            "statisticData": {
                "statName": "UnsteadyThreshold",
                "operation": "Float_Add",
                "modValue": "40.0",
                "modType": "System.Single"
            },
            "nature": "Buff"
        }
    ],
    "ComponentTags": {
        "items": [
            "component_type_variant",
            "component_type_variant2"
        ],
        "tagSetSourceFile": ""
    }
}
