{
	"Custom": {
		"Category": [
			{
				"CategoryID": "ArmLowerActuator"
			}
		],
		"ArmActuator": {
			"Type": "PartLower"
		},
		"BonusDescriptions": {
            "Bonuses": [
                "ArmAccuracy: +1",
				"MeleeStab: +50",
				"IsLowerArm"
            ]
        }
	},
    "StatName" : null,
    "RelativeModifier" : 0,
    "AbsoluteModifier" : 0,
    "Description" : {
        "Cost" : 150000,
        "Rarity" : 4,
        "Purchasable" : true,
        "Manufacturer" : "Friedhof",
        "Model" : "Gargantuan",
        "UIName" : "Lower Arm Gargantuan + +",
        "Id" : "Gear_Actuator_Friedhof_Gargantuan",
        "Name" : "Friedhof Gargantuan Arm Mod",
        "Details" : "Actuators control a 'Mech\u2019s limbs and are used to perform Melee attacks at close quarters. All 'Mechs come equipped with stock Actuators, which can be upgraded for improved performance.",
        "Icon" : "uixSvgIcon_equipment_ActuatorArm"
    },
    "BonusValueA" : "+ 50 Melee Stb.Dmg.",
    "BonusValueB" : "Lower Arm",
    "ComponentType" : "Upgrade",
    "ComponentSubType" : "NotSet",
    "PrefabIdentifier" : "",
    "BattleValue" : 0,
    "InventorySize" : 1,
    "Tonnage" : 2,
    "AllowedLocations" : "Arms",
    "DisallowedLocations" : "All",
    "CriticalComponent" : false,
    "statusEffects" : [
        {
            "durationData" : {
                "duration" : -1,
                "ticksOnActivations" : false,
                "useActivationsOfTarget" : false,
                "ticksOnEndOfRound" : false,
                "ticksOnMovements" : false,
                "stackLimit" : -1,
                "clearedWhenAttacked" : false
            },
            "targetingData" : {
                "effectTriggerType" : "Passive",
                "triggerLimit" : 0,
                "extendDurationOnTrigger" : 0,
                "specialRules" : "NotSet",
                "effectTargetType" : "Creator",
                "range" : 0,
                "forcePathRebuild" : false,
                "forceVisRebuild" : false,
                "showInTargetPreview" : false,
                "showInStatusPanel" : true
            },
            "effectType" : "StatisticEffect",
            "Description" : {
                "Id" : "StatusEffect-Attack_DamageStabMelee-T5",
                "Name" : "MELEE STABILITY DAMAGE INCREASED",
                "Details" : "Melee attacks deal [AMT] more stability damage.",
                "Icon" : "uixSvgIcon_equipment_ActuatorArm"
            },
            "nature" : "Buff",
            "statisticData" : {
                "appliesEachTick" : false,
                "effectsPersistAfterDestruction" : false,
                "statName" : "Instability",
                "operation" : "Float_Add",
                "modValue" : "50.0",
                "modType" : "System.Single",
                "additionalRules" : "NotSet",
                "targetCollection" : "Weapon",
                "targetWeaponCategory" : "NotSet",
                "targetWeaponType" : "NotSet",
                "targetAmmoCategory" : "NotSet",
                "targetWeaponSubType" : "Melee"
            },
            "tagData" : null,
            "floatieData" : null,
            "actorBurningData" : null,
            "vfxData" : null,
            "instantModData" : null,
            "poorlyMaintainedEffectData" : null
        },
		{
            "durationData": {
                "duration": -1,
                "stackLimit": -1
            },
            "targetingData": {
                "effectTriggerType": "Passive",
                "effectTargetType": "Creator",
                "showInTargetPreview": false,
                "showInStatusPanel": false
            },
            "effectType": "StatisticEffect",
            "Description": {
                "Id" : "Status-LowerAccuracy-{location}",
                "Name": "Lower Arm Accuracy",
                "Details": "+1 Arm mounted accuracy.",
                "Icon": "uixSvgIcon_equipment_ActuatorArm"
            },
            "nature": "Buff",
            "statisticData": {
                "statName" : "{location}.Accuracy",
                "operation" : "Float_Add",
                "modValue" : "-1",
                "modType" : "System.Single"
            }
        }
    ],
    "ComponentTags" : {
        "items" : [
            "component_type_variant",
            "component_type_variant2"
        ],
        "tagSetSourceFile" : ""
    }
}
