{
	"Custom": {
		"Category": [
			{
				"CategoryID": "LegLowerActuator"
			}
		],
		"LegActuator": {
			"Type": "PartLower"
		}
	},
    "StatName" : null,
    "RelativeModifier" : 0,
    "AbsoluteModifier" : 0,
    "Description" : {
        "Cost" : 50000,
        "Rarity" : 3,
        "Purchasable" : true,
        "Manufacturer" : "Pitban",
        "Model" : "Kangaroo",
        "UIName" : "Lower Leg Kangaroo + +",
        "Id" : "Gear_Actuator_Pitban_Kangaroo",
        "Name" : "Pitban Kangaroo Leg Mod",
        "Details" : "Actuators control a 'Mech\u2019s limbs and are used to perform Melee attacks at close quarters. All 'Mechs come equipped with stock Actuators, which can be upgraded for improved performance.",
        "Icon" : "uixSvgIcon_equipment_ActuatorLeg"
    },
    "BonusValueA" : "- 30 DFA Self Dmg.",
    "BonusValueB" : "Lower Leg",
    "ComponentType" : "Upgrade",
    "ComponentSubType" : "NotSet",
    "PrefabIdentifier" : "",
    "BattleValue" : 0,
    "InventorySize" : 1,
    "Tonnage" : 2,
    "AllowedLocations" : "Legs",
    "DisallowedLocations" : "All",
    "CriticalComponent" : false,
    "statusEffects" : [
        {
            "durationData" : {
                "duration" : -1,
                "ticksOnActivations" : false,
                "useActivationsOfTarget" : false,
                "ticksOnEndOfRound" : false,
                "ticksOnMovements" : false,
                "stackLimit" : -1,
                "clearedWhenAttacked" : false
            },
            "targetingData" : {
                "effectTriggerType" : "Passive",
                "triggerLimit" : 0,
                "extendDurationOnTrigger" : 0,
                "specialRules" : "NotSet",
                "effectTargetType" : "Creator",
                "range" : 0,
                "forcePathRebuild" : false,
                "forceVisRebuild" : false,
                "showInTargetPreview" : false,
                "showInStatusPanel" : true
            },
            "effectType" : "StatisticEffect",
            "Description" : {
                "Id" : "StatusEffect-Attack_SelfDamageDFA-T3",
                "Name" : "DFA SELF-INFLICTED DAMAGE DECREASED",
                "Details" : "DFA attacks deal [AMT] less damage to the attacker.",
                "Icon" : "uixSvgIcon_equipment_ActuatorLeg"
            },
            "nature" : "Buff",
            "statisticData" : {
                "appliesEachTick" : false,
                "effectsPersistAfterDestruction" : false,
                "statName" : "DFASelfDamage",
                "operation" : "Float_Subtract",
                "modValue" : "30.0",
                "modType" : "System.Single",
                "additionalRules" : "NotSet",
                "targetCollection" : "NotSet",
                "targetWeaponCategory" : "NotSet",
                "targetWeaponType" : "NotSet",
                "targetAmmoCategory" : "NotSet",
                "targetWeaponSubType" : "DFA"
            },
            "tagData" : null,
            "floatieData" : null,
            "actorBurningData" : null,
            "vfxData" : null,
            "instantModData" : null,
            "poorlyMaintainedEffectData" : null
        }
    ],
    "ComponentTags" : {
        "items" : [
            "component_type_variant",
            "component_type_variant3"
        ],
        "tagSetSourceFile" : ""
    }
}
