{
	"Custom": {
		"Category": [
			{
				"CategoryID": "ArmHandActuator"
			}
		],
		"BonusDescriptions": {
            "Bonuses": [
                "MeleeAcc: +1",
				"Melee: +20",
				"IsHand"
            ]
        },
		"ArmActuator": {
			"Type": "PartHand"
		}
	},
    "StatName" : null,
    "RelativeModifier" : 0,
    "AbsoluteModifier" : 0,
    "Description" : {
        "Cost" : 80000,
        "Rarity" : 2,
        "Purchasable" : true,
        "Manufacturer" : "Coventry",
        "Model" : "B20 Extended",
        "UIName" : "Hand B20 +",
        "Id" : "Gear_Actuator_Coventry_B20-Extended",
        "Name" : "Coventry B20 Extended Arm Mod",
        "Details" : "Actuators control a 'Mech\u2019s limbs and are used to perform Melee attacks at close quarters. All 'Mechs come equipped with stock Actuators, which can be upgraded for improved performance.",
        "Icon" : "uixSvgIcon_equipment_ActuatorArm"
    },
    "BonusValueA" : "+ 20 Melee Dmg.",
    "BonusValueB" : "Hand",
    "ComponentType" : "Upgrade",
    "ComponentSubType" : "NotSet",
    "PrefabIdentifier" : "",
    "BattleValue" : 0,
    "InventorySize" : 1,
    "Tonnage" : 1,
    "AllowedLocations" : "Arms",
    "DisallowedLocations" : "All",
    "CriticalComponent" : false,
    "statusEffects" : [
        {
            "durationData" : {
                "duration" : -1,
                "ticksOnActivations" : false,
                "useActivationsOfTarget" : false,
                "ticksOnEndOfRound" : false,
                "ticksOnMovements" : false,
                "stackLimit" : -1,
                "clearedWhenAttacked" : false
            },
            "targetingData" : {
                "effectTriggerType" : "Passive",
                "triggerLimit" : 0,
                "extendDurationOnTrigger" : 0,
                "specialRules" : "NotSet",
                "effectTargetType" : "Creator",
                "range" : 0,
                "forcePathRebuild" : false,
                "forceVisRebuild" : false,
                "showInTargetPreview" : false,
                "showInStatusPanel" : true
            },
            "effectType" : "StatisticEffect",
            "Description" : {
                "Id" : "StatusEffect-Attack_DamageMelee-T4",
                "Name" : "MELEE DAMAGE INCREASED",
                "Details" : "Melee attacks deal [AMT] more damage.",
                "Icon" : "uixSvgIcon_equipment_ActuatorArm"
            },
            "nature" : "Buff",
            "statisticData" : {
                "appliesEachTick" : false,
                "effectsPersistAfterDestruction" : false,
                "statName" : "DamagePerShot",
                "operation" : "Float_Add",
                "modValue" : "20.0",
                "modType" : "System.Single",
                "additionalRules" : "NotSet",
                "targetCollection" : "Weapon",
                "targetWeaponCategory" : "NotSet",
                "targetWeaponType" : "NotSet",
                "targetAmmoCategory" : "NotSet",
                "targetWeaponSubType" : "Melee"
            },
            "tagData" : null,
            "floatieData" : null,
            "actorBurningData" : null,
            "vfxData" : null,
            "instantModData" : null,
            "poorlyMaintainedEffectData" : null
        },
		{
            "durationData" : {
            },
            "targetingData" : {
                "effectTriggerType" : "Passive",
                "effectTargetType" : "Creator",
                "showInTargetPreview" : false,
                "showInStatusPanel" : true
            },
            "effectType" : "StatisticEffect",
            "Description" : {
                "Id" : "StatusEffect-ArmHandActuator",
                "Name" : "Hand Actuator",
                "Details" : "Melee attacks attempted have their hit improved by 1.",
                "Icon" : "uixSvgIcon_equipment_ActuatorArm"
            },
            "statisticData" : {
                "statName" : "AccuracyModifier",
                "operation" : "Float_Add",
                "modValue" : "-1.0",
                "modType" : "System.Single",
                "targetCollection" : "Weapon",
                "targetWeaponSubType" : "Melee"
            },
            "nature" : "Buff"
        }
    ],
    "ComponentTags" : {
        "items" : [
            "component_type_variant",
            "component_type_variant1"
        ],
        "tagSetSourceFile" : ""
    }
}
