{
	"Custom": {
		"Category": [
			{
				"CategoryID": "SensorsB"
			},
			{
				"CategoryID": "MissTTS"
			}
		],
		"BonusDescriptions": {
			"Bonuses": [
				"IndirectAcc: +3",
				"IsSensorsB"
			]
		},
		"WorkOrderCosts": {
			"Install": {
				"TechCost": "[[Chassis.Tonnage]]/10",
				"CBillCost": "[[Chassis.Tonnage]] * 1.15"
			}
		},
		"InventorySorter": {
			"SortKey": "00201"
		}
	},
	"StatName": null,
	"RelativeModifier": 0,
	"AbsoluteModifier": 0,
	"Description": {
		"Cost": 1000000,
		"Rarity": 4,
		"Purchasable": true,
		"Manufacturer": "Intek",
		"Model": "I3F300",
		"UIName": "TTS Indirect + +",
		"Id": "Gear_TargetingTrackingSystem_I3F3",
		"Name": "Intek Improved Indirect Fire 300",
		"Details": "All 'Mechs come equipped with a stock targeting and tracking system—TTS—which can be upgraded for improved performance. Depending on its type, the TTS increases accuracy when attacking with Ballistic, Energy, or Missile weaponry. Does not stack with same type but different tiers do.",
		"Icon": "uixSvgIcon_equipment_TTS"
	},
	"BonusValueA": "+ 3 Acc. (Indirect)",
	"BonusValueB": "",
	"ComponentType": "Upgrade",
	"ComponentSubType": "NotSet",
	"PrefabIdentifier": "",
	"BattleValue": 0,
	"InventorySize": 1,
	"Tonnage": 1,
	"AllowedLocations": "Head",
	"DisallowedLocations": "All",
	"CriticalComponent": false,
	"statusEffects": [
		{
			"durationData": {
				"duration": -1,
				"stackLimit": -1
			},
			"targetingData": {
				"effectTriggerType": "Passive",
				"effectTargetType": "Creator",
				"showInTargetPreview": false,
				"showInStatusPanel": false
			},
			"effectType": "StatisticEffect",
			"Description": {
				"Id": "StatusEffect-I3F300",
				"Name": "Indirect Fire Improved",
				"Details": "Indirect Missiles Attacks gain +3 accuracy.",
				"Icon": "uixSvgIcon_equipment_TTS"
			},
			"nature": "Buff",
			"statisticData": {
				"statName": "ToHitIndirectModifier",
				"operation": "Float_Add",
				"modValue": "-3.0",
				"modType": "System.Single"
			}
		}
	],
	"ComponentTags": {
		"items": [
			"component_type_variant",
			"component_type_variant3"
		],
		"tagSetSourceFile": ""
	}
}