{
   "Finances" : {  
	   "ContractNegotiableReputationAddition" : 5
   }, 
   "Story" : {
	   "FriendlyMaxContractDifficulty" : 6,
	   "HonoredMaxContractDifficulty" : 6,
	   "DefaultRoninHiringChance" : 0.2,
	   "MaxMoralePowerLevelLimits" : [
		   12,
		   24
		],
	    "HighRepNotificationValue" : 50
   }, 
   "Flashpoints" : {
		"GreaterThanThisTotalWeightIsHeavyLance" : 240	
   },
   "CareerMode" : {
	   	"FlashpointStartRange" : [
			14,
			21
		],
                "HonoredMaxContractDifficulty" : 14,
		"PossibleAllyFallbackFactions" : [
			"Davion",
			"Liao",
			"Kurita",
			"Marik",
			"Steiner",
			"TaurianConcordat",
			"MagistracyOfCanopus",
			"AuriganRestoration",
			"ComStar",
			"Locals",
			"AuriganMercenaries"
		],
		"StartWithRandomMechs" : true
   }
}
