{
	"Custom": {
		"Category": [
			{
				"CategoryID": "SensorsB"
			}
		],
		"WorkOrderCosts": {
			"Install": {
				"TechCost": "[[Chassis.Tonnage]]/10",
				"CBillCost": "[[Chassis.Tonnage]] * 1.15"
			}
		},
		"BonusDescriptions": {
			"Bonuses": [
				"BallisticAcc: +2",
				"IsSensorsB"
			]
		},
		"InventorySorter": {
			"SortKey": "00201"
		}
	},
	"StatName": null,
	"RelativeModifier": 0,
	"AbsoluteModifier": 0,
	"Description": {
		"Cost": 1050000,
		"Rarity": 4,
		"Purchasable": true,
		"Manufacturer": "Kallon",
		"Model": "A-C 1500",
		"UIName": "TTS Ballistic +",
		"Id": "Gear_TargetingTrackingSystem_Kallon_A-C-1500",
		"Name": "Kallon A-C 1500 TTS",
		"Details": "All 'Mechs come equipped with a stock targeting and tracking system—or TTS—which can be upgraded for improved performance. Upgrades increase accuracy when attacking with Ballistic, Energy, or Missile weaponry, depending on the type of TTS.",
		"Icon": "uixSvgIcon_equipment_TTS"
	},
	"BonusValueA": "+ 2 Acc. (Ballistic)",
	"BonusValueB": "",
	"ComponentType": "Upgrade",
	"ComponentSubType": "NotSet",
	"PrefabIdentifier": "",
	"BattleValue": 0,
	"InventorySize": 1,
	"Tonnage": 2,
	"AllowedLocations": "Head",
	"DisallowedLocations": "All",
	"CriticalComponent": false,
	"statusEffects": [
		{
			"durationData": {
				"duration": -1,
				"ticksOnActivations": false,
				"useActivationsOfTarget": false,
				"ticksOnEndOfRound": false,
				"ticksOnMovements": false,
				"stackLimit": -1,
				"clearedWhenAttacked": false
			},
			"targetingData": {
				"effectTriggerType": "Passive",
				"triggerLimit": 0,
				"extendDurationOnTrigger": 0,
				"specialRules": "NotSet",
				"effectTargetType": "Creator",
				"range": 0,
				"forcePathRebuild": false,
				"forceVisRebuild": false,
				"showInTargetPreview": false,
				"showInStatusPanel": true
			},
			"effectType": "StatisticEffect",
			"Description": {
				"Id": "StatusEffect-Attack_ToHitBallistic-T2",
				"Name": "BALLISTIC WEAPON HIT CHANCE IMPROVED",
				"Details": "Ballistic weapon attacks have their hit improved by [AMT].",
				"Icon": "uixSvgIcon_equipment_TTS"
			},
			"nature": "Buff",
			"statisticData": {
				"appliesEachTick": false,
				"effectsPersistAfterDestruction": false,
				"statName": "AccuracyModifier",
				"operation": "Float_Add",
				"modValue": "-2.0",
				"modType": "System.Single",
				"additionalRules": "NotSet",
				"targetCollection": "Weapon",
				"targetWeaponCategory": "Ballistic",
				"targetWeaponType": "NotSet",
				"targetAmmoCategory": "NotSet",
				"targetWeaponSubType": "NotSet"
			},
			"tagData": null,
			"floatieData": null,
			"actorBurningData": null,
			"vfxData": null,
			"instantModData": null,
			"poorlyMaintainedEffectData": null
		}
	],
	"ComponentTags": {
		"items": [
			"component_type_variant",
			"component_type_variant2"
		],
		"tagSetSourceFile": ""
	}
}