{
    "TargetID": "CaptureEscort_Pirate_KeyPersonnel",
    "Instructions": [
        {
            "JSONPath": "$.shortDescription",
            "Action": "Replace",
            "Value": "An ally of {TEAM_TAR.FactionDef.Name} here in {TGT_SYSTEM.name} stands accused of a long list of illegal, unethical and deplorable activities. Proof of her guilt was being transported to a spaceport, for safe-keeping off-planet, when it was attacked by unidentified mercenary forces. The convoy narrowly escaped and we need you to protect it while we arrange for a DropShip pickup."
        },
        {
            "JSONPath": "$.objectiveList[?(@.objective.EncounterObjectGuid== '9820d0c3-79e7-4456-b55c-ca820e82fae2')].title",
            "Action": "Replace",
            "Value": "Protect Convoy while DropShip Arrives"
        },
        {
            "JSONPath": "$.objectiveList[?(@.objective.EncounterObjectGuid== 'fa7458f8-c940-480c-91ce-4605fa8965d4')].title",
            "Action": "Replace",
            "Value": "Protect Convoy as they Embark on the DropShip"
        }
    ]
}