{
    "TargetID": "CaptureEscort_Redirection",
    "Instructions": [
        {
            "JSONPath": "$.shortDescription",
            "Action": "Replace",
            "Value": "We've received intel that {TEAM_TAR.FactionDef.Name} is reinforcing one of their key fortifications on {TGT_SYSTEM.name}. If we allow them to do so, {TEAM_EMP.FactionDef.Demonym} destabilization operations here will be set back by months, possibly years. We need you to intercept the supply convoy and redirect it to a waiting DropShip, which will carry the supplies to our insurgent forces on the planet."
        },
        {
            "JSONPath": "$.objectiveList[?(@.objective.EncounterObjectGuid== '9820d0c3-79e7-4456-b55c-ca820e82fae2')].title",
            "Action": "Replace",
            "Value": "Protect Convoy while DropShip Arrives"
        },
        {
            "JSONPath": "$.objectiveList[?(@.objective.EncounterObjectGuid== 'fa7458f8-c940-480c-91ce-4605fa8965d4')].title",
            "Action": "Replace",
            "Value": "Protect Convoy as they Embark on the DropShip"
        }
    ]
}