{
    "TargetID": "CaptureEscort_AbortedColony",
    "Instructions": [
        {
            "JSONPath": "$.objectiveList[?(@.objective.EncounterObjectGuid== '9820d0c3-79e7-4456-b55c-ca820e82fae2')].title",
            "Action": "Replace",
            "Value": "Protect Convoy while DropShip Arrives"
        },
        {
            "JSONPath": "$.objectiveList[?(@.objective.EncounterObjectGuid== 'fa7458f8-c940-480c-91ce-4605fa8965d4')].title",
            "Action": "Replace",
            "Value": "Protect Convoy as they Embark on the DropShip"
        }
    ]
}