{
    "Name": "cFixes",
    "Enabled": true,
	
    "Version": "1.6.1.1",

    "Author": "Team Banzai",

    "DependsOn": [],
    "ConflictsWith": [],

    "Manifest": [

	{ "Path": "contractsMerge", "Type": "AdvancedJSONMerge" },
	{ "Type": "ContractOverride", "Path": "contracts", "AddToDB": true },
	{ "Path": "eventsMerge", "Type": "AdvancedJSONMerge" },
	{ "Path": "hardpointsMerge", "Type": "AdvancedJSONMerge" },
	{ "Path": "heatsinksMerge", "Type": "AdvancedJSONMerge" },
	{ "Path": "milestoneMerge", "Type": "AdvancedJSONMerge" },
	{ "Type": "MovementCapabilitiesDef", "Path": "movement", "AddToDB": true },
	{ "Type": "SimGameMilestoneSet", "Path": "milestoneSets" }

    ]
}
