{
	"Custom": {
		"Category": [
			{
				"CategoryID": "HeatBank"
			}
		],
		"BonusDescriptions": {
			"Bonuses": [
				"HeatEfficiency: 10%"
			]
		},
		"InventorySorter": {
			"SortKey": "00017"
		}
	},
	"DissipationCapacity": 1,
	"Description": {
		"Cost": 160000,
		"Rarity": 2,
		"Purchasable": true,
		"Manufacturer": "Generic",
		"Model": "Standard Bank",
		"UIName": "Heat Bank",
		"Id": "Gear_HeatSink_Generic_Standard-Bank",
		"Name": "Standard Bank Heat Bank",
		"Details": "Heat Banks are installed to allow for more thermal energy collection, improving the efficiency of a mech's installed heat sinking mechanisms.",
		"Icon": "uixSvgIcon_equipment_HeatBank"
	},
	"BonusValueA": "10% More Heat Sinking",
	"BonusValueB": "",
	"ComponentType": "HeatSink",
	"ComponentSubType": "Heatsink",
	"PrefabIdentifier": "",
	"BattleValue": 0,
	"InventorySize": 2,
	"Tonnage": 1,
	"AllowedLocations": "All",
	"DisallowedLocations": "All",
	"CriticalComponent": false,
	"statusEffects": [
		{
			"durationData": {
				"duration": -1,
				"stackLimit": -1
			},
			"targetingData": {
				"effectTriggerType": "Passive",
				"effectTargetType": "Creator",
				"showInTargetPreview": false,
				"showInStatusPanel": false
			},
			"effectType": "StatisticEffect",
			"Description": {
				"Id": "HeatSinkEfficiency_10",
				"Name": "HEAT DISSIPATION INCREASED",
				"Details": "Heat dissipation amount increased by 10%.",
				"Icon": "uixSvgIcon_equipment_HeatBank"
			},
			"nature": "Buff",
			"statisticData": {
				"appliesEachTick": false,
				"effectsPersistAfterDestruction": false,
				"statName": "HeatSinkCapacity",
				"operation": "Int_Multiply_Float",
				"modValue": "1.1",
				"modType": "System.Single"
			}
		}
	],
	"ComponentTags": {
		"items": [
			"component_type_variant",
			"component_type_variant1"
		],
		"tagSetSourceFile": ""
	}
}