{
    "Custom": {
        "Color": {
            "UIColor": "Gold"
        },
        "DynamicSlots": {
            "ReservedSlots": 6,
            "BackgroundColor": "GoldHalf",
            "ShowIcon": false,
            "NameText": "LAM Aluminium Armor",
            "BonusAText": "Dynamic Slot",
            "BonusBText": " "
        },
        "Weights": {
            "ArmorFactor": 1.1
        },
        "WorkOrderCosts": {
            "Install": {
                "TechCost": "[[Chassis.Tonnage]]/10",
                "CBillCost": "[[Chassis.Tonnage]] * 1.2"
            }
        },
        "Category": [{
            "CategoryID": "Armor"
        }],
        "ArmorRepair": {
            "ArmorTPCost": 1.1,
            "ArmorCBCost": 1.15
        },
        "Flags": {
            "flags": [
                "not_broken",
				"no_salvage"
            ]
        },
        "BonusDescriptions": {
            "Bonuses": [
                "JumpDistance: 10%",
                "HeatPerTurn: -9",
                "ArmorFactor: +10%",
                "Reserved: 6",
                "ArmorTPCost: 10%",
                "ArmorCBCost: 15%",
                "ReqWings"
            ]
        },
        "InventorySorter": {
            "SortKey": "00009"
        }
    },
    "Description": {
        "Cost": 500000,
        "Rarity": 5,
        "Purchasable": false,
        "Manufacturer": "Allied Aerospace",
        "Model": "Armor Critical Slot",
        "UIName": "LAM Aluminium Armor",
        "Id": "emod_armorslots_LAM",
        "Name": "Light Aluminium Armor",
        "Details": "Originally conceived during the Star League era, the Land-Air 'Mech (or LAM) is a hybrid military unit capable of transforming between BattleMech and Aerospace Fighter forms. <b><color=#0066ff>Reserves 6 Slots and requires Partial Wings System</color></b>",
        "Icon": "uixSvgIcon_action_end"
    },
    "BonusValueA": "-6% Armor Weight",
    "BonusValueB": "Reserves 7 Slots",
    "ComponentType": "Upgrade",
    "ComponentSubType": "NotSet",
    "PrefabIdentifier": "",
    "BattleValue": 0,
    "InventorySize": 1,
    "Tonnage": 0,
    "AllowedLocations": "CenterTorso",
    "DisallowedLocations": "All",
    "CriticalComponent": false,
    "statusEffects": [
        {
            "durationData": {
                "duration": -1,
                "ticksOnActivations": false,
                "useActivationsOfTarget": false,
                "ticksOnEndOfRound": false,
                "ticksOnMovements": false,
                "stackLimit": 1,
                "clearedWhenAttacked": false
            },
            "targetingData": {
                "effectTriggerType": "Passive",
                "triggerLimit": 0,
                "extendDurationOnTrigger": 0,
                "specialRules": "NotSet",
                "effectTargetType": "Creator",
                "range": 0,
                "forcePathRebuild": false,
                "forceVisRebuild": false,
                "showInTargetPreview": false,
                "showInStatusPanel": false
            },
            "effectType": "StatisticEffect",
            "Description": {
                "Id": "LAMArmorSink",
                "Name": "PARTIAL WING SYSTEM",
                "Details": "The partial wing system's large surface area efficiently radiates excess heat.",
                "Icon": "uixSvgIcon_designMask_mineral"
            },
            "statisticData": {
                "statName": "HeatSinkCapacity",
                "operation": "Int_Add",
                "modValue": "9",
                "modType": "System.Int32"
            },
            "nature": "Buff"
        },
        {
            "durationData": {
                "duration": -1,
                "ticksOnActivations": false,
                "useActivationsOfTarget": false,
                "ticksOnEndOfRound": false,
                "ticksOnMovements": false,
                "stackLimit": -1,
                "clearedWhenAttacked": false
            },
            "targetingData": {
                "effectTriggerType": "Passive",
                "triggerLimit": 0,
                "extendDurationOnTrigger": 0,
                "specialRules": "NotSet",
                "effectTargetType": "Creator",
                "range": 0,
                "forcePathRebuild": false,
                "forceVisRebuild": false,
                "showInTargetPreview": false,
                "showInStatusPanel": false
            },
            "effectType": "StatisticEffect",
            "Description": {
                "Id": "StatusEffect-Jump_Distance-T3",
                "Name": "JUMP DISTANCE INCREASED",
                "Details": "Conversion Gear increase Jump Distance by 10%",
                "Icon": "uixSvgIcon_equipment_Gyro"
            },
            "nature": "Buff",
            "statisticData": {
                "appliesEachTick": false,
                "effectsPersistAfterDestruction": false,
                "statName": "JumpDistanceMultiplier",
                "operation": "Float_Multiply",
                "modValue": "1.1",
                "modType": "System.Single",
                "additionalRules": "NotSet",
                "targetCollection": "NotSet",
                "targetWeaponCategory": "NotSet",
                "targetWeaponType": "NotSet",
                "targetAmmoCategory": "NotSet",
                "targetWeaponSubType": "NotSet"
            },
            "tagData": null,
            "floatieData": null,
            "actorBurningData": null,
            "vfxData": null,
            "instantModData": null,
            "poorlyMaintainedEffectData": null
        }
    ],
    "ComponentTags": {
        "items": [
            "component_type_stock",
            "BLACKLISTED"	
        ],
        "tagSetSourceFile": ""
    }
}
