{
    "Custom": {
        "Color": {
            "UIColor": "Gold"
        },
        "DynamicSlots": {
            "ReservedSlots": 21,
            "BackgroundColor": "GoldHalf",
            "ShowIcon": false,
            "NameText": "Heavy Ferro",
            "BonusAText": "Dynamic Slot",
            "BonusBText": " "
        },
        "WorkOrderCosts": {
            "Install": {
                "TechCost": "1.2 * [[Chassis.Tonnage]] / 15",
                "CBillCost": "1000 * [[Chassis.Tonnage]] * [[Chassis.Tonnage]] / 35"
            }
        },
        "Weights": {
            "ArmorFactor": 0.80646
        },
        "Category": [{
            "CategoryID": "Armor"
        }],
        "ArmorRepair": {
            "ArmorTPCost": 1.15,
            "ArmorCBCost": 1.2
        },
        "Flags": {
            "flags": [
                "not_broken"
            ]
        },
        "BonusDescriptions": {
            "Bonuses": [
                "ArmorFactor: -20%",
                "Reserved: 21",
                "ArmorTPCost: 15%",
                "ArmorCBCost: 20%"
            ]
        },
        "InventorySorter": {
            "SortKey": "00009"
        }
    },
    "Description": {
        "Cost": 400000,
        "Rarity": 5,
        "Purchasable": true,
        "Manufacturer": "Durallex",
        "Model": "Armor Critical Slot",
        "UIName": "Heavy Ferro",
        "Id": "emod_armorslots_heavyferrosfibrous",
        "Name": "Heavy Ferro-Fibrous Armor",
        "Details": "Heavy Ferro-Fibrous armor was developed by Durallex for the Lyran Alliance based on the Inner Sphere's attempts at Light Ferro-Fibrous. Utilizing a weave of ferro-steel, ferro-titanium, and diamond weave fibers which boosts the tensile strength of the plating, it provides more protection per ton than standard armor, but takes up more space on the 'Mech or vehicle.",
        "Icon": "uixSvgIcon_action_end"
    },
    "BonusValueA": "-20% Armor Weight",
    "BonusValueB": "Reserves 21 Slots",
    "ComponentType": "Upgrade",
    "ComponentSubType": "NotSet",
    "PrefabIdentifier": "",
    "BattleValue": 0,
    "InventorySize": 1,
    "Tonnage": 0,
    "AllowedLocations": "CenterTorso",
    "DisallowedLocations": "All",
    "CriticalComponent": false,
    "statusEffects": null,
    "ComponentTags": {
        "items": [
            "component_type_stock"
        ],
        "tagSetSourceFile": ""
    }
}
