{
	"Custom": {
		"Color": {
			"UIColor": "Orange"
		},
		"DynamicSlots": {
			"ReservedSlots": 4,
			"BackgroundColor": "OrangeHalf",
			"ShowIcon": false,
			"NameText": "LAM Structure",
			"BonusAText": "Dynamic Slot",
			"BonusBText": " "
		},
		"Weights": {
			"StructureFactor": 1.1
		},
		"StructureRepair": {
			"StructureTPCost": 1.4,
			"StructureCBCost": 1.6
		},
		"WorkOrderCosts": {
			"Install": {
				"TechCost": "[[Chassis.Tonnage]]/6",
				"CBillCost": "[[Chassis.Tonnage]] * 10"
			}
		},
		"Category": [
			{
				"CategoryID": "Structure"
			}
		],
		"Flags": {
			"flags": [
				"not_broken",
				"no_salvage"
			]
		},
		"BonusDescriptions": {
			"Bonuses": [
				"JumpDistance: 10%",
				"StructureFactor: +10%",
				"StructureTPCost: 40%",
				"StructureCBCost: 60%",
				"Reserved: 4",
				"ReqWings"
			]
		},
		"InventorySorter": {
			"SortKey": "00010"
		}
	},
	"Description": {
		"Cost": 500000,
		"Rarity": 9,
		"Purchasable": false,
		"Manufacturer": "Allied Aerospace",
		"Model": "Structure",
		"UIName": "LAM Structure",
		"Id": "emod_structureslots_LAM",
		"Name": "Land Air Mech Conversion Gear",
		"Details": "Originally conceived during the Star League era, the Land-Air 'Mech (or LAM) is a hybrid military unit capable of transforming between BattleMech and Aerospace Fighter forms. <b><color=#0066ff>Reserves 4 Slots and requires Partial Wings System</color></b>",
		"Icon": "uixSvgIcon_quantity"
	},
	"BonusValueA": "300% Jump Distance",
	"BonusValueB": "Reserves 6 Slots",
	"ComponentType": "Upgrade",
	"ComponentSubType": "NotSet",
	"PrefabIdentifier": "",
	"BattleValue": 0,
	"InventorySize": 1,
	"Tonnage": 0,
	"AllowedLocations": "CenterTorso",
	"DisallowedLocations": "All",
	"CriticalComponent": false,
	"statusEffects": [
		{
			"durationData": {
				"duration": -1,
				"ticksOnActivations": false,
				"useActivationsOfTarget": false,
				"ticksOnEndOfRound": false,
				"ticksOnMovements": false,
				"stackLimit": -1,
				"clearedWhenAttacked": false
			},
			"targetingData": {
				"effectTriggerType": "Passive",
				"triggerLimit": 0,
				"extendDurationOnTrigger": 0,
				"specialRules": "NotSet",
				"effectTargetType": "Creator",
				"range": 0,
				"forcePathRebuild": false,
				"forceVisRebuild": false,
				"showInTargetPreview": false,
				"showInStatusPanel": false
			},
			"effectType": "StatisticEffect",
			"Description": {
				"Id": "StatusEffect-Jump_Distance-T3",
				"Name": "JUMP DISTANCE INCREASED",
				"Details": "Conversion Gear increase Jump Distance by 10%",
				"Icon": "uixSvgIcon_equipment_Gyro"
			},
			"nature": "Buff",
			"statisticData": {
				"appliesEachTick": false,
				"effectsPersistAfterDestruction": false,
				"statName": "JumpDistanceMultiplier",
				"operation": "Float_Multiply",
				"modValue": "1.1",
				"modType": "System.Single",
				"additionalRules": "NotSet",
				"targetCollection": "NotSet",
				"targetWeaponCategory": "NotSet",
				"targetWeaponType": "NotSet",
				"targetAmmoCategory": "NotSet",
				"targetWeaponSubType": "NotSet"
			},
			"tagData": null,
			"floatieData": null,
			"actorBurningData": null,
			"vfxData": null,
			"instantModData": null,
			"poorlyMaintainedEffectData": null
		}
	],
	"ComponentTags": {
		"items": [
			"component_type_stock",
			"BLACKLISTED"
		],
		"tagSetSourceFile": ""
	}
}