{
    "Custom": {
        "Color": {
            "UIColor": "Gold"
        },
        "DynamicSlots": {
            "ReservedSlots": 7,
            "BackgroundColor": "GoldHalf",
            "ShowIcon": false,
            "NameText": "Light Ferro",
            "BonusAText": "Dynamic Slot",
            "BonusBText": " "
        },
        "Weights": {
            "ArmorFactor": 0.94340
        },
        "WorkOrderCosts": {
            "Install": {
                "TechCost": "1.2 * [[Chassis.Tonnage]] / 15",
                "CBillCost": "1000 * [[Chassis.Tonnage]] * [[Chassis.Tonnage]] / 35"
            }
        },
        "Category": [{
            "CategoryID": "Armor"
        }],
        "ArmorRepair": {
            "ArmorTPCost": 1.1,
            "ArmorCBCost": 1.15
        },
        "Flags": {
            "flags": [
                "not_broken"
            ]
        },
        "BonusDescriptions": {
            "Bonuses": [
                "ArmorFactor: -6%",
                "Reserved: 7",
                "ArmorTPCost: 10%",
                "ArmorCBCost: 15%"
            ]
        },
        "InventorySorter": {
            "SortKey": "00009"
        }
    },
    "Description": {
        "Cost": 400000,
        "Rarity": 5,
        "Purchasable": true,
        "Manufacturer": "Kallon",
        "Model": "Armor Critical Slot",
        "UIName": "Light Ferro",
        "Id": "emod_armorslots_lightferrosfibrous",
        "Name": "Light Ferro-Fibrous Armor",
        "Details": "Light Ferro-Fibrous armor (FF) is an attempt by the Inner Sphere to mimic SLDF Ferro-Fibrous armor. Utilizing a weave of ferro-steel, ferro-titanium, and diamond weave fibers which boosts the tensile strength of the plating, it provides more protection per ton than standard armor, but takes up more space on the 'Mech or vehicle.",
        "Icon": "uixSvgIcon_action_end"
    },
    "BonusValueA": "-6% Armor Weight",
    "BonusValueB": "Reserves 7 Slots",
    "ComponentType": "Upgrade",
    "ComponentSubType": "NotSet",
    "PrefabIdentifier": "",
    "BattleValue": 0,
    "InventorySize": 1,
    "Tonnage": 0,
    "AllowedLocations": "CenterTorso",
    "DisallowedLocations": "All",
    "CriticalComponent": false,
    "statusEffects": null,
    "ComponentTags": {
        "items": [
            "component_type_stock"
        ],
        "tagSetSourceFile": ""
    }
}
