{
	"Custom": {
		"Category": {
			"CategoryID": "Cockpit"
		},
		"WorkOrderCosts": {
			"Install": {
				"TechCost": "1"
			}
		},
		"ArmorRepair": {
			"ArmorTPCost": 0.9,
			"ArmorCBCost": 0.8
		},
		"Flags": {
			"flags": [
				"ignore_damage",
				"autorepair",
				"not_broken",
				"no_salvage"
			]
		},
		"BonusDescriptions": {
			"Bonuses": [
				"Sensors: -40%",
				"Sight: -20%",
				"NoEject",
				"ArmorTPCost: -10%",
				"ArmorCBCost: -20%",
				"IsCockpit"
			]
		},
		"InventorySorter": {
			"SortKey": "00019"
		}
	},
	"Description": {
		"Cost": 1000,
		"Rarity": 0,
		"Purchasable": false,
		"Manufacturer": "Generic",
		"Model": "Primitive",
		"UIName": "Primitive Cockpit",
		"Id": "Gear_Cockpit_Primitive",
		"Name": "Primitive Cockpit",
		"Details": "The Primitive Cockpit is functionally similar to the modern BattleMech cockpit, but due to the bulkier components, it weighs five tons instead of three.  It lacks an ejection seat and the sensors are even worse than that of a standard IndustrialMech's",
		"Icon": "uixSvgIcon_equipment_Cockpit"
	},
	"BonusValueA": "Bad Sensors|",
	"BonusValueB": "Cannot Eject.",
	"ComponentType": "Upgrade",
	"ComponentSubType": "NotSet",
	"PrefabIdentifier": "",
	"BattleValue": 0,
	"InventorySize": 1,
	"Tonnage": 5,
	"AllowedLocations": "Head",
	"DisallowedLocations": "All",
	"CriticalComponent": false,
	"statusEffects": [
		{
			"durationData": {
				"duration": -1,
				"ticksOnActivations": false,
				"useActivationsOfTarget": false,
				"ticksOnEndOfRound": false,
				"ticksOnMovements": false,
				"stackLimit": -1,
				"clearedWhenAttacked": false
			},
			"targetingData": {
				"effectTriggerType": "Passive",
				"triggerLimit": 0,
				"extendDurationOnTrigger": 0,
				"specialRules": "NotSet",
				"effectTargetType": "Creator",
				"range": 0,
				"forcePathRebuild": false,
				"forceVisRebuild": false,
				"showInTargetPreview": false,
				"showInStatusPanel": true
			},
			"effectType": "StatisticEffect",
			"Description": {
				"Id": "PrimitiveSensors",
				"Name": "Primitive Cockpit",
				"Details": "Decreased Sensor Capabilities.",
				"Icon": "uixSvgIcon_equipment_Cockpit"
			},
			"nature": "Buff",
			"statisticData": {
				"appliesEachTick": false,
				"effectsPersistAfterDestruction": false,
				"statName": "SensorDistanceAbsolute",
				"operation": "Float_Multiply",
				"modValue": "0.6",
				"modType": "System.Single",
				"additionalRules": "NotSet",
				"targetCollection": "NotSet",
				"targetWeaponCategory": "NotSet",
				"targetWeaponType": "NotSet",
				"targetAmmoCategory": "NotSet",
				"targetWeaponSubType": "NotSet"
			},
			"tagData": null,
			"floatieData": null,
			"actorBurningData": null,
			"vfxData": null,
			"instantModData": null,
			"poorlyMaintainedEffectData": null
		},
		{
			"durationData": {
				"duration": -1,
				"ticksOnActivations": false,
				"useActivationsOfTarget": false,
				"ticksOnEndOfRound": false,
				"ticksOnMovements": false,
				"stackLimit": -1,
				"clearedWhenAttacked": false
			},
			"targetingData": {
				"effectTriggerType": "Passive",
				"triggerLimit": 0,
				"extendDurationOnTrigger": 0,
				"specialRules": "NotSet",
				"effectTargetType": "Creator",
				"range": 0,
				"forcePathRebuild": false,
				"forceVisRebuild": false,
				"showInTargetPreview": false,
				"showInStatusPanel": false
			},
			"effectType": "StatisticEffect",
			"Description": {
				"Id": "PrimitiveSensors1",
				"Name": "Primitive Cockpit",
				"Details": "Decreased Sensor Capabilities.",
				"Icon": "uixSvgIcon_equipment_Cockpit"
			},
			"nature": "Buff",
			"statisticData": {
				"appliesEachTick": false,
				"effectsPersistAfterDestruction": false,
				"statName": "SpotterDistanceAbsolute",
				"operation": "Float_Multiply",
				"modValue": "0.8",
				"modType": "System.Single",
				"additionalRules": "NotSet",
				"targetCollection": "NotSet",
				"targetWeaponCategory": "NotSet",
				"targetWeaponType": "NotSet",
				"targetAmmoCategory": "NotSet",
				"targetWeaponSubType": "NotSet"
			},
			"tagData": null,
			"floatieData": null,
			"actorBurningData": null,
			"vfxData": null,
			"instantModData": null,
			"poorlyMaintainedEffectData": null
		},
		{
			"durationData": {
				"duration": -1
			},
			"targetingData": {
				"effectTriggerType": "Passive",
				"effectTargetType": "Creator"
			},
			"effectType": "StatisticEffect",
			"Description": {
				"Id": "PrimitiveCockpitEject",
				"Name": "No Ejection",
				"Details": "PASSIVE: Attacking with a single weapon ignores COVER and GUARDED on the target.",
				"Icon": "uixSvgIcon_ability_precisionstrike"
			},
			"statisticData": {
				"statName": "CanEject",
				"operation": "Set",
				"modValue": "false",
				"modType": "System.Boolean"
			},
			"nature": "Buff"
		}
	],
	"ComponentTags": {
		"items": [
			"component_type_stock",
			"BLACKLISTED"
		],
		"tagSetSourceFile": ""
	}
}