{
    "Custom": {
        "Color": {
            "UIColor": "Gold"
        },
        "DynamicSlots": {
            "ReservedSlots": 10,
            "BackgroundColor": "GoldHalf",
            "ShowIcon": false,
            "NameText": "Reflective Coating",
            "BonusAText": "Dynamic Slot",
            "BonusBText": " "
        },
        "WorkOrderCosts": {
            "Install": {
                "TechCost": "1.15 * [[Chassis.Tonnage]] / 15",
                "CBillCost": "1000 * [[Chassis.Tonnage]] * [[Chassis.Tonnage]] / 40"
            }
        },
        "Category": [{
            "CategoryID": "Armor"
        }],
        "ArmorRepair": {
            "ArmorTPCost": 1.1,
            "ArmorCBCost": 1.15
        },
        "BonusDescriptions": {
            "Bonuses": [
                "EnergyProtection: 20%",
                "KineticProtection: -10%",
                "Reserved: 10",
                "ArmorTPCost: 10%",
                "ArmorCBCost: 15%"
            ]
        },
        "InventorySorter": {
            "SortKey": "00009"
        }
    },
    "StatName": null,
    "RelativeModifier": 0,
    "AbsoluteModifier": 0,
    "Description": {
        "Cost": 60000,
        "Rarity": 2,
        "Purchasable": true,
        "Manufacturer": "Arc Royal",
        "Model": "Reflective Coating",
        "UIName": "Reflective Coating",
        "Id": "Gear_Reflective_Coating",
        "Name": "Reflective Coating",
        "Details": "Laser Reflective Armor dissipates energy weapon attacks more efficiently than other armor types, reducing the amount of damage taken by the 'Mech mounting it. Despite the name, Laser Reflective Armor is effective against all energy weapons, not just lasers. PPCs, Flamers, and Plasma Rifles and Cannons are all less effective against it. Reserves 10 slots.",
        "Icon": "uixSvgIcon_mwFury"
    },
    "BonusValueA": "+20% Energy Protection|",
    "BonusValueB": "-10% Kinetic Protection.",
    "ComponentType": "Upgrade",
    "ComponentSubType": "NotSet",
    "PrefabIdentifier": "",
    "BattleValue": 0,
    "InventorySize": 1,
    "Tonnage": 0,
    "AllowedLocations": "CenterTorso",
    "DisallowedLocations": "All",
    "CriticalComponent": false,
    "statusEffects": [
        {
            "durationData": {
                "duration": -1,
                "ticksOnActivations": false,
                "useActivationsOfTarget": false,
                "ticksOnEndOfRound": false,
                "ticksOnMovements": false,
                "stackLimit": 10,
                "clearedWhenAttacked": false
            },
            "targetingData": {
                "effectTriggerType": "Passive",
                "triggerLimit": 0,
                "extendDurationOnTrigger": 0,
                "specialRules": "NotSet",
                "effectTargetType": "Creator",
                "range": 0,
                "forcePathRebuild": false,
                "forceVisRebuild": false,
                "showInTargetPreview": false,
                "showInStatusPanel": true
            },
            "effectType": "StatisticEffect",
            "Description": {
                "Id": "StatusEffect-Reflectivebonus",
                "Name": "Reflective Coating",
                "Details": "Takes less Energy Damage.",
                "Icon": "uixSvgIcon_mwFury"
            },
            "nature": "Buff",
            "statisticData": {
                "appliesEachTick": false,
                "effectsPersistAfterDestruction": false,
                "statName": "DamageReductionMultiplierEnergy",
                "operation": "Float_Multiply",
                "modValue": "0.8",
                "modType": "System.Single"
            },
            "tagData": null,
            "floatieData": null,
            "actorBurningData": null,
            "vfxData": null,
            "instantModData": null,
            "poorlyMaintainedEffectData": null
        },
        {
            "durationData": {
                "duration": -1,
                "ticksOnActivations": false,
                "useActivationsOfTarget": false,
                "ticksOnEndOfRound": false,
                "ticksOnMovements": false,
                "stackLimit": 10,
                "clearedWhenAttacked": false
            },
            "targetingData": {
                "effectTriggerType": "Passive",
                "triggerLimit": 0,
                "extendDurationOnTrigger": 0,
                "specialRules": "NotSet",
                "effectTargetType": "Creator",
                "range": 0,
                "forcePathRebuild": false,
                "forceVisRebuild": false,
                "showInTargetPreview": false,
                "showInStatusPanel": false
            },
            "effectType": "StatisticEffect",
            "Description": {
                "Id": "StatusEffect-Reflectivepenalty1",
                "Name": "Reflective Coating",
                "Details": "Takes less Energy Damage.",
                "Icon": "uixSvgIcon_mwFury"
            },
            "nature": "Buff",
            "statisticData": {
                "appliesEachTick": false,
                "effectsPersistAfterDestruction": false,
                "statName": "DamageReductionMultiplierBallistic",
                "operation": "Float_Multiply",
                "modValue": "1.1",
                "modType": "System.Single"
            },
            "tagData": null,
            "floatieData": null,
            "actorBurningData": null,
            "vfxData": null,
            "instantModData": null,
            "poorlyMaintainedEffectData": null
        },
        {
            "durationData": {
                "duration": -1,
                "ticksOnActivations": false,
                "useActivationsOfTarget": false,
                "ticksOnEndOfRound": false,
                "ticksOnMovements": false,
                "stackLimit": 10,
                "clearedWhenAttacked": false
            },
            "targetingData": {
                "effectTriggerType": "Passive",
                "triggerLimit": 0,
                "extendDurationOnTrigger": 0,
                "specialRules": "NotSet",
                "effectTargetType": "Creator",
                "range": 0,
                "forcePathRebuild": false,
                "forceVisRebuild": false,
                "showInTargetPreview": false,
                "showInStatusPanel": false
            },
            "effectType": "StatisticEffect",
            "Description": {
                "Id": "StatusEffect-Reflectivepenalty2",
                "Name": "Reflective Coating",
                "Details": "Takes less Energy Damage.",
                "Icon": "uixSvgIcon_mwFury"
            },
            "nature": "Buff",
            "statisticData": {
                "appliesEachTick": false,
                "effectsPersistAfterDestruction": false,
                "statName": "DamageReductionMultiplierMissile",
                "operation": "Float_Multiply",
                "modValue": "1.1",
                "modType": "System.Single"
            },
            "tagData": null,
            "floatieData": null,
            "actorBurningData": null,
            "vfxData": null,
            "instantModData": null,
            "poorlyMaintainedEffectData": null
        }
    ],
    "ComponentTags": {
        "items": [
            "component_type_stock"
        ],
        "tagSetSourceFile": ""
    }
}
