{
	"Custom": {
		"Color": {
			"UIColor": "Orange"
		},
		"WorkOrderCosts": {
			"Install": {
				"TechCost": "[[Chassis.Tonnage]] / 4",
				"CBillCost": "1000 * [[Chassis.Tonnage]] * [[Chassis.Tonnage]] / 20"
			}
		},
		"Weights": {
			"StructureFactor": 0.5
		},
		"ArmorStructureChanges": {
			"StructureFactor": 0.5
		},
		"Category": {
			"CategoryID": "Structure"
		},
		"Flags": {
			"flags": [
				"ignore_damage",
				"autorepair",
				"not_broken",
				"no_salvage"
			]
		},
		"BonusDescriptions": {
			"Bonuses": [
				"StructureFactor: -50%",
				"StructureProtection: -50%"
			]
		},
		"InventorySorter": {
			"SortKey": "00010"
		}
	},
	"StatName": null,
	"RelativeModifier": 0,
	"AbsoluteModifier": 0,
	"Description": {
		"Cost": 600000,
		"Rarity": 5,
		"Purchasable": true,
		"Manufacturer": "NAIS",
		"Model": "Composite",
		"UIName": "Composite",
		"Id": "Gear_structureslots_Composite",
		"Name": "Composite Structure",
		"Details": "The Federated Suns introduced the Composite Internal Structure. Inspired by the Endo Steel chassis, the FedSuns engineers produced a chassis that was light weight but wasn't as bulky as the Endo Steel skeleton. Though they were successful, the materials used in the Composite Structure were incredibly fragile.",
		"Icon": "uixSvgIcon_action_end"
	},
	"BonusValueA": "-50% Structure Weight|",
	"BonusValueB": "-50% Structure.",
	"ComponentType": "Upgrade",
	"ComponentSubType": "NotSet",
	"PrefabIdentifier": "",
	"BattleValue": 0,
	"InventorySize": 1,
	"Tonnage": 0,
	"AllowedLocations": "CenterTorso",
	"DisallowedLocations": "All",
	"CriticalComponent": false,
	"statusEffects": [],
	"ComponentTags": {
		"items": [
			"component_type_stock"
		],
		"tagSetSourceFile": ""
	}
}