{
	"Custom": {
		"Category": {
			"CategoryID": "Cockpit"
		},
		"WorkOrderCosts": {
			"Install": {
				"TechCost": "[[Chassis.Tonnage]]/8",
				"CBillCost": "[[Chassis.Tonnage]] * 1.3"
			}
		},
		"BonusDescriptions": {
			"Bonuses": [
				"TorsoMount",
				"Initiative: +1",
				"Health: +10",
				"IsCockpit"
			]
		},
		"Sorter": {
			"Order": 5
		},
		"InventorySorter": {
			"SortKey": "00019"
		}
	},
	"Description": {
		"Cost": 620000,
		"Rarity": 4,
		"Purchasable": false,
		"Manufacturer": "Dark Mirage",
		"Model": "Torso Cockpit",
		"UIName": "Torso Mount Cockpit",
		"Id": "Gear_Cockpit_Torsomount",
		"Name": "Torso Cockpit",
		"Details": "The Torso Cockpit has long been a dream of BattleMech designers. By moving the MechWarrior to a more heavily protected area, an army would be able to keep its more experienced soldiers in the fight a lot longer. The idea remained a dream until the unlocking of the Helm Memory Core provided a jump-start to many technological projects.",
		"Icon": "uixSvgIcon_equipment_Cockpit"
	},
	"BonusValueA": "Headshot Immunity",
	"BonusValueB": "",
	"ComponentType": "Upgrade",
	"ComponentSubType": "NotSet",
	"PrefabIdentifier": "",
	"BattleValue": 0,
	"InventorySize": 2,
	"Tonnage": 4,
	"AllowedLocations": "CenterTorso",
	"DisallowedLocations": "All",
	"CriticalComponent": false,
	"statusEffects": [
		{
			"durationData": {
				"duration": -1,
				"ticksOnActivations": false,
				"useActivationsOfTarget": false,
				"ticksOnEndOfRound": false,
				"ticksOnMovements": false,
				"stackLimit": -1,
				"clearedWhenAttacked": false
			},
			"targetingData": {
				"effectTriggerType": "Passive",
				"triggerLimit": 0,
				"extendDurationOnTrigger": 0,
				"specialRules": "NotSet",
				"effectTargetType": "Creator",
				"range": 0,
				"forcePathRebuild": false,
				"forceVisRebuild": false,
				"showInTargetPreview": false,
				"showInStatusPanel": false
			},
			"effectType": "StatisticEffect",
			"Description": {
				"Id": "CockpitInitativeEffect",
				"Name": "CockpitTechBonus",
				"Details": "Provides + 1 Initiative and several buffs.",
				"Icon": "uixSvgIcon_equipment_Cockpit"
			},
			"nature": "Buff",
			"statisticData": {
				"appliesEachTick": false,
				"effectsPersistAfterDestruction": false,
				"statName": "BaseInitiative",
				"operation": "Int_Add",
				"modValue": "-1",
				"modType": "System.Int32",
				"additionalRules": "NotSet",
				"targetCollection": "NotSet",
				"targetWeaponCategory": "NotSet",
				"targetWeaponType": "NotSet",
				"targetAmmoCategory": "NotSet",
				"targetWeaponSubType": "NotSet"
			},
			"tagData": null,
			"floatieData": null,
			"actorBurningData": null,
			"vfxData": null,
			"instantModData": null,
			"poorlyMaintainedEffectData": null
		},
		{
			"durationData": {
				"duration": -1,
				"stackLimit": -1
			},
			"targetingData": {
				"effectTriggerType": "Passive",
				"effectTargetType": "Creator",
				"showInStatusPanel": true
			},
			"effectType": "StatisticEffect",
			"Description": {
				"Id": "StatusEffect-Torso_Cockpit",
				"Name": "Torso Mounted Cockpit",
				"Details": "+10 Health.",
				"Icon": "uixSvgIcon_equipment_Cockpit"
			},
			"nature": "Buff",
			"statisticData": {
				"appliesEachTick": false,
				"effectsPersistAfterDestruction": false,
				"statName": "BonusHealth",
				"operation": "Int_Add",
				"modValue": "10",
				"modType": "System.Int32",
				"additionalRules": "NotSet",
				"targetCollection": "Pilot",
				"targetWeaponCategory": "NotSet",
				"targetWeaponType": "NotSet",
				"targetAmmoCategory": "NotSet",
				"targetWeaponSubType": "NotSet"
			}
		}
	],
	"ComponentTags": {
		"items": [
			"component_type_stock"
		],
		"tagSetSourceFile": ""
	}
}