{
	"Custom": {
		"Color": {
			"UIColor": "Gold"
		},
		"WorkOrderCosts": {
			"Install": {
				"TechCost": "1",
				"CBillCost": "[[Chassis.Tonnage]]/100"
			}
		},
		"ArmorStructureChanges": { "ArmorFactor": 0.67 },
		"Category" : { 
			"CategoryID" : "Armor" 
		},
		"ArmorRepair" : { "ArmorTPCost" : 0.5, "ArmorCBCost" : 0.5 },		
		"Flags" : { "flags" : [ "ignore_damage", "autorepair", "not_broken", "no_salvage" ] },
        "BonusDescriptions": {
            "Bonuses": [				
				"ArmorTPCost: -50%",
				"ArmorCBCost: -50%",
                "ArmorProtection: -33%"				
            ]
        },
            "InventorySorter" : {
                "SortKey" : "00009"
            }		
	},

  
    "StatName" : null,
    "RelativeModifier" : 0,
    "AbsoluteModifier" : 0,
    "Description" : {
        "Cost" : 9000,
        "Rarity" : 1,
        "Purchasable" : true,
        "Manufacturer" : "Earthwerks",
        "Model" : "Primitive",
        "UIName" : "Armor Primitive",
        "Id" : "Gear_armorslots_Primitive",
        "Name" : "Primitive Armor",
        "Details" : "Developed during the Age of War, Primitive Armor was introduced on the Mackie, the original BattleMech. This armor was less capable than the armor used in Star League and Succession War designs.",
        "Icon" : "uixSvgIcon_action_end"
    },
    "BonusValueA" : "X0.67 Armor Protection|",
    "BonusValueB" : "X0.5 Armor Costs",
    "ComponentType" : "Upgrade",
    "ComponentSubType" : "NotSet",
    "PrefabIdentifier" : "",
    "BattleValue" : 0,
    "InventorySize" : 1,
    "Tonnage" : 0,
    "AllowedLocations" : "CenterTorso",
    "DisallowedLocations" : "All",
    "CriticalComponent" : false,
    "statusEffects" : [
		

    ],
    "ComponentTags" : {
        "items" : [
            "component_type_stock",
			"BLACKLISTED"
        ],
        "tagSetSourceFile" : ""
    }
}
