{
	"Custom": {
		"Category": {
			"CategoryID": "Cockpit"
		},
		"WorkOrderCosts": {
			"Install": {
				"TechCost": "[[Chassis.Tonnage]]/10",
				"CBillCost": "[[Chassis.Tonnage]] * 1.15"
			}
		},
		"BonusDescriptions": {
			"Bonuses": [
				"DamageTaken: -10%",
				"MeleeAcc: +1",
				"DFASelfDamage: -10%",
				"IsCockpit"
			]
		},
		"InventorySorter": {
			"SortKey": "00019"
		}
	},
	"StatName": null,
	"RelativeModifier": 0,
	"AbsoluteModifier": 0,
	"Description": {
		"Cost": 830000,
		"Rarity": 5,
		"Purchasable": true,
		"Manufacturer": "NAIS",
		"Model": "DarkMirage",
		"UIName": "DNI Cockpit",
		"Id": "Gear_Cockpit_DNI",
		"Name": "Dark Mirage DNI Cockpit",
		"Details": "This cockpit mod allows for the use of a Direct Neural Interface, granting improved control of a ‘Mech at the risk of injury.",
		"Icon": "uixSvgIcon_equipment_Cockpit"
	},
	"BonusValueA": "Neural",
	"BonusValueB": "Interface",
	"ComponentType": "Upgrade",
	"ComponentSubType": "NotSet",
	"PrefabIdentifier": "",
	"BattleValue": 0,
	"InventorySize": 2,
	"Tonnage": 3,
	"AllowedLocations": "Head",
	"DisallowedLocations": "All",
	"CriticalComponent": false,
	"statusEffects": [
		{
			"durationData": {
				"duration": -1,
				"ticksOnActivations": false,
				"useActivationsOfTarget": false,
				"ticksOnEndOfRound": false,
				"ticksOnMovements": false,
				"stackLimit": -1,
				"clearedWhenAttacked": false
			},
			"targetingData": {
				"effectTriggerType": "Passive",
				"triggerLimit": 0,
				"extendDurationOnTrigger": 0,
				"specialRules": "NotSet",
				"effectTargetType": "Creator",
				"range": 0,
				"forcePathRebuild": false,
				"forceVisRebuild": false,
				"showInTargetPreview": false,
				"showInStatusPanel": false
			},
			"effectType": "StatisticEffect",
			"Description": {
				"Id": "StatusEffect-DNIReduction",
				"Name": "Spiked Armour Plates",
				"Details": "All incoming damage reduced by 5% and 5% extra Melee Damage.",
				"Icon": "uixSvgIcon_equipment_ActuatorArm"
			},
			"nature": "Buff",
			"statisticData": {
				"appliesEachTick": false,
				"effectsPersistAfterDestruction": false,
				"statName": "DamageReductionMultiplierAll",
				"operation": "Float_Add",
				"modValue": "-0.10",
				"modType": "System.Single"
			},
			"tagData": null,
			"floatieData": null,
			"actorBurningData": null,
			"vfxData": null,
			"instantModData": null,
			"poorlyMaintainedEffectData": null
		},
		{
			"durationData": {
				"duration": -1,
				"ticksOnActivations": false,
				"useActivationsOfTarget": false,
				"ticksOnEndOfRound": false,
				"ticksOnMovements": false,
				"stackLimit": -1,
				"clearedWhenAttacked": false
			},
			"targetingData": {
				"effectTriggerType": "Passive",
				"triggerLimit": 0,
				"extendDurationOnTrigger": 0,
				"specialRules": "NotSet",
				"effectTargetType": "Creator",
				"range": 0,
				"forcePathRebuild": false,
				"forceVisRebuild": false,
				"showInTargetPreview": false,
				"showInStatusPanel": true
			},
			"effectType": "StatisticEffect",
			"Description": {
				"Id": "DNI-StatusEffect-Attack_ToHit",
				"Name": "Man Machine Interface",
				"Details": "Active DNI Grants Melee Accuray and Damage resistance.",
				"Icon": "uixSvgIcon_equipment_TTS"
			},
			"nature": "Buff",
			"statisticData": {
				"appliesEachTick": false,
				"effectsPersistAfterDestruction": false,
				"statName": "AccuracyModifier",
				"operation": "Float_Add",
				"modValue": "-1.0",
				"modType": "System.Single",
				"additionalRules": "NotSet",
				"targetCollection": "Weapon",
				"targetWeaponCategory": "NotSet",
				"targetWeaponType": "NotSet",
				"targetAmmoCategory": "NotSet",
				"targetWeaponSubType": "Melee"
			},
			"tagData": null,
			"floatieData": null,
			"actorBurningData": null,
			"vfxData": null,
			"instantModData": null,
			"poorlyMaintainedEffectData": null
		},
		{
			"durationData": {
				"duration": -1
			},
			"targetingData": {
				"effectTriggerType": "Passive",
				"effectTargetType": "Creator"
			},
			"effectType": "StatisticEffect",
			"Description": {
				"Id": "DNIDFASelfDmgReduction",
				"Name": "Safer DFA",
				"Details": "When performing a 'Death from Above,' this unit takes 15% less damage to its legs",
				"Icon": "uixSvgIcon_ability_mastertactician"
			},
			"statisticData": {
				"statName": "DFASelfDamage",
				"operation": "Float_Multiply",
				"modValue": "0.9",
				"modType": "System.Single"
			},
			"nature": "Buff"
		},
		{
			"durationData": {
				"duration": -1,
				"ticksOnActivations": false,
				"useActivationsOfTarget": false,
				"ticksOnEndOfRound": false,
				"ticksOnMovements": false,
				"stackLimit": -1,
				"clearedWhenAttacked": false
			},
			"targetingData": {
				"effectTriggerType": "Passive",
				"triggerLimit": 0,
				"extendDurationOnTrigger": 0,
				"specialRules": "NotSet",
				"effectTargetType": "Creator",
				"range": 0,
				"forcePathRebuild": false,
				"forceVisRebuild": false,
				"showInTargetPreview": false,
				"showInStatusPanel": false
			},
			"effectType": "StatisticEffect",
			"Description": {
				"Id": "StatusEffect-DNI-StabDefense",
				"Name": "INCOMING STABILITY DAMAGE DECREASED",
				"Details": "Incoming stability damage reduced by 10%.",
				"Icon": "uixSvgIcon_equipment_Gyro"
			},
			"nature": "Buff",
			"statisticData": {
				"appliesEachTick": false,
				"effectsPersistAfterDestruction": false,
				"statName": "ReceivedInstabilityMultiplier",
				"operation": "Float_Multiply",
				"modValue": "0.9",
				"modType": "System.Single",
				"additionalRules": "NotSet",
				"targetCollection": "NotSet",
				"targetWeaponCategory": "NotSet",
				"targetWeaponType": "NotSet",
				"targetAmmoCategory": "NotSet",
				"targetWeaponSubType": "NotSet"
			},
			"tagData": null,
			"floatieData": null,
			"actorBurningData": null,
			"vfxData": null,
			"instantModData": null,
			"poorlyMaintainedEffectData": null
		}
	],
	"ComponentTags": {
		"items": [
			"component_type_stock"
		],
		"tagSetSourceFile": ""
	}
}