{
    "Custom": {
        "Category": [{
            "CategoryID": "Cockpit"
        }],
        "WorkOrderCosts": {
            "Install": {
                "TechCost": "[[Chassis.Tonnage]]/10",
                "CBillCost": "[[Chassis.Tonnage]] * 1.15"
            }
        },
        "BonusDescriptions": {
            "Bonuses": [
                "Breaching",
                "Recoil: -2"				]
        },
        "InventorySorter": {
            "SortKey": "00201"
        }
    },
    "StatName": null,
    "RelativeModifier": 0,
    "AbsoluteModifier": 0,
    "Description": {
        "Cost": 450000,
        "Rarity": 4,
        "Purchasable": true,
        "Manufacturer": "NAIS",
        "Model": "ADV TC",
        "UIName": "FCS Adv TC",
        "Id": "Gear_TTS_AdvancedTC",
        "Name": "NAIS Weapons Computer",
        "Details": "Targeting Computers are sophisticated pieces of electronics that, unlike normal targeting systems, physically help MechWarriors target their opponents. Recoil compensators and gyroscopic stabilizers are used to prevent normal weapon drift from factors such as recoil and movement while the computer accounts for atmospheric and other conditions to present an accurate ''lead'' on the target. This allows for more surgical precision of weapons fire, especially with naturally accurate systems. ",
        "Icon": "uixSvgIcon_equipment_Cockpit"
    },
    "BonusValueA": "Breaching Shot",
    "BonusValueB": "",
    "ComponentType": "Upgrade",
    "ComponentSubType": "NotSet",
    "PrefabIdentifier": "",
    "BattleValue": 0,
    "InventorySize": 1,
    "Tonnage": 1,
    "AllowedLocations": "Head",
    "DisallowedLocations": "All",
    "CriticalComponent": false,
    "statusEffects": [
        {
            "durationData": {
                "duration": -1
            },
            "targetingData": {
                "effectTriggerType": "Passive",
                "effectTargetType": "Creator"
            },
            "effectType": "StatisticEffect",
            "Description": {
                "Id": "TC-Breaching",
                "Name": "BREACHING SHOT",
                "Details": "PASSIVE: Attacking with a single weapon ignores COVER and GUARDED on the target.",
                "Icon": "uixSvgIcon_ability_precisionstrike"
            },
            "statisticData": {
                "statName": "PrecisionStrike",
                "operation": "Set",
                "modValue": "true",
                "modType": "System.Boolean"
            },
            "nature": "Buff"
        },
        {
            "durationData": {
                "duration": -1
            },
            "targetingData": {
                "effectTriggerType": "Passive",
                "effectTargetType": "Creator"
            },
            "effectType": "StatisticEffect",
            "Description": {
                "Id": "TCRecoil",
                "Name": "Improved Recoil",
                "Details": "Recoil reduction",
                "Icon": "uixSvgIcon_ability_mastertactician"
            },
            "statisticData": {
                "statName": "RefireModifier",
                "operation": "Int_Add",
                "modValue": "-2",
                "modType": "System.Int32",
                "targetCollection": "Weapon"
            }
        }
    ],
    "ComponentTags": {
        "items": [
            "component_type_stock",
			"lv-vismode-zoom_m0_c-3_s10",
			"lv-vismode-heat_m1_d50"
        ],
        "tagSetSourceFile": ""
    }
}
