{
	"Custom": {
		"Color": {
			"UIColor": "Orange"
		},
		"WorkOrderCosts": {
			"Install": {
				"TechCost": "[[Chassis.Tonnage]] / 4",
				"CBillCost": "1000 * [[Chassis.Tonnage]] * [[Chassis.Tonnage]] / 20"
			}
		},
		"Weights": {
			"StructureFactor": 1.25
		},
		"ArmorStructureChanges": {
			"StructureFactor": 1.5
		},
		"Category": {
			"CategoryID": "Structure"
		},
		"Flags": {
			"flags": [
				"ignore_damage",
				"autorepair",
				"not_broken",
				"no_salvage"
			]
		},
		"BonusDescriptions": {
			"Bonuses": [
				"StructureFactor: +25%",
				"StructureProtection: +50%",
				"CritRes: 50%"
			]
		},
		"InventorySorter": {
			"SortKey": "00010"
		}
	},
	"StatName": null,
	"RelativeModifier": 0,
	"AbsoluteModifier": 0,
	"Description": {
		"Cost": 500000,
		"Rarity": 5,
		"Purchasable": true,
		"Manufacturer": "LIC",
		"Model": "Reinforced",
		"UIName": "Reinforced",
		"Id": "Gear_structureslots_Reinforced",
		"Name": "Reinforced Structure",
		"Details": "Reinforced structure is an attempt to improve a BattleMech's survivability by increasing the durability of the internal structure. Reduces incoming Critical Hits.",
		"Icon": "uixSvgIcon_action_end"
	},
	"BonusValueA": "+25% Structure Weight|",
	"BonusValueB": "+50% Structure.",
	"ComponentType": "Upgrade",
	"ComponentSubType": "NotSet",
	"PrefabIdentifier": "",
	"BattleValue": 0,
	"InventorySize": 1,
	"Tonnage": 0,
	"AllowedLocations": "CenterTorso",
	"DisallowedLocations": "All",
	"CriticalComponent": false,
	"statusEffects": [
		{
			"durationData": {
				"duration": -1,
				"stackLimit": 1
			},
			"targetingData": {
				"effectTriggerType": "Passive",
				"effectTargetType": "Creator",
				"showInStatusPanel": true
			},
			"effectType": "StatisticEffect",
			"Description": {
				"Id": "ReinforcedCritImmune",
				"Name": "Reinforced Structure",
				"Details": "Reinforced Structure provides crit reduction.",
				"Icon": "uixSvgIcon_action_end"
			},
			"statisticData": {
				"statName": "CriticalHitChanceReceivedMultiplier",
				"operation": "Float_Multiply",
				"modValue": "0.5",
				"modType": "System.Single"
			},
			"nature": "Buff"
		}
	],
	"ComponentTags": {
		"items": [
			"component_type_stock"
		],
		"tagSetSourceFile": ""
	}
}