{
	"Custom": {
		"Color": {
			"UIColor": "Gold"
		},
		"WorkOrderCosts": {
			"Install": {
				"TechCost": "[[Chassis.Tonnage]]/7",
				"CBillCost": "250 * [[Chassis.Tonnage]] * [[Chassis.Tonnage]] / 50"
			}
		},
		"Weights": {
			"ArmorFactor": 2
		},
		"ArmorStructureChanges": { "ArmorFactor": 2 },
		"Category" : { 
			"CategoryID" : "Armor" 
		},
		"ArmorRepair" : { "ArmorTPCost" : 1.5, "ArmorCBCost" : 1.5 },		
		"Flags" : { "flags" : [ "ignore_damage", "autorepair", "not_broken" ] },
        "BonusDescriptions": {
            "Bonuses": [
				"ArmorProtection: X2",
				"ArmorFactor: X2",			
				"CritRes: 50%",
				"WalkSpeed: -20%",
				"RunSpeed: -20%",
				"ArmorTPCost: 50%",
				"ArmorCBCost: 50%"				
            ]
        },
            "InventorySorter" : {
                "SortKey" : "00009"
            }						
	},
    "StatName" : null,
    "RelativeModifier" : 0,
    "AbsoluteModifier" : 0,
    "Description" : {
        "Cost" : 500000,
        "Rarity" : 5,
        "Purchasable" : true,
        "Manufacturer" : "NAIS",
        "Model" : "Hardened",
        "UIName" : "Hardened",
        "Id" : "Gear_armorslots_Hardened",
        "Name" : "Hardened Armor",
        "Details" : "Hardened Armor is a thicker armor type that uses multiple overlapping plates to provide additional protection against enemy fire. Though capable of diverting more damage than standard armor, the increased number of armor plates and their lack of flexibility makes any unit employing it more difficult to pilot, and can affect the speed as well. In fact, Hardened Armor is so heavy that it cannot be mounted on hovercraft, VTOLs, or WiGE vehicles. Reduces incoming Critical Hits.",
        "Icon" : "uixSvgIcon_action_end"
    },
    "BonusValueA" : "X2 Armor Protection|",
    "BonusValueB" : "X2 Armor Weight|-20% Movement",
    "ComponentType" : "Upgrade",
    "ComponentSubType" : "NotSet",
    "PrefabIdentifier" : "",
    "BattleValue" : 0,
    "InventorySize" : 1,
    "Tonnage" : 0,
    "AllowedLocations" : "CenterTorso",
    "DisallowedLocations" : "All",
    "CriticalComponent" : false,
    "statusEffects" : [
			{
			"durationData" :
			{
				"duration" : -1,
                "stackLimit" : 1				
			},
			"targetingData" : 
			{
				"effectTriggerType" : "Passive",
				"effectTargetType" : "Creator",
                "showInStatusPanel" : true				
			},
			"effectType" : "StatisticEffect",
			"Description" :
			{
				"Id" : "HardenedPenaltyRun",
				"Name" : "Reduced Speed",
				"Details" : "Hardened Armour reduces movement.",
				"Icon" : "uixSvgIcon_equipment_ActuatorLeg"
			},
			"statisticData" : 
			{
				"statName" : "RunSpeed",
				"operation" : "Float_Multiply",
				"modValue" : "0.8",
				"modType" : "System.Single"
			},
			"nature" : "Buff"
		},
		{
			"durationData" :
			{
				"duration" : -1,
                "stackLimit" : 1				
			},
			"targetingData" : 
			{
				"effectTriggerType" : "Passive",
				"effectTargetType" : "Creator",
                "showInStatusPanel" : false				
			},
			"effectType" : "StatisticEffect",
			"Description" :
			{
				"Id" : "HardenedPenaltyWalk",
				"Name" : "ChargerSprint",
				"Details" : "MORE SPEED.",
				"Icon" : "uixSvgIcon_run_n_gun"
			},
			"statisticData" : 
			{
				"statName" : "WalkSpeed",
				"operation" : "Float_Multiply",
				"modValue" : "0.8",
				"modType" : "System.Single"
			},
			"nature" : "Buff"
		},
			{
			"durationData" :
			{
				"duration" : -1,
                "stackLimit" : 1				
			},
			"targetingData" : 
			{
				"effectTriggerType" : "Passive",
				"effectTargetType" : "Creator",
                "showInStatusPanel" : false				
			},
			"effectType" : "StatisticEffect",
			"Description" :
			{
				"Id" : "HardenedCritImmune",
				"Name" : "ChargerSprint",
				"Details" : "MORE SPEED.",
				"Icon" : "uixSvgIcon_run_n_gun"
			},
			"statisticData" : 
			{
				"statName" : "CriticalHitChanceReceivedMultiplier",
				"operation" : "Float_Multiply",
				"modValue" : "0.5",
				"modType" : "System.Single"
			},
			"nature" : "Buff"
		}		

    ],
    "ComponentTags" : {
        "items" : [
            "component_type_stock"
        ],
        "tagSetSourceFile" : ""
    }
}
