{
  "Custom": {
    "EngineCore": {
      "Rating": "12"
    },
		"BonusDescriptions": {
			"Bonuses": [
				"EngineHSFreeExt: 10"
			]
		},
    "WorkOrderCosts": {
      "Install": {
        "TechCost": "12 * [[Chassis.Tonnage]]/ 2000",
        "CBillCost": "12 * [[Chassis.Tonnage]] * [[Chassis.Tonnage]] / 10"
      }
    },
		"Flags": {
            "flags": [
                    "vital"
            ]
        },
    "Category": {
      "CategoryID": "EngineCore"
    },
    "InventorySorter": {
      "SortKey": "0014"
    }
  },
  "DissipationCapacity": 0,
  "Description": {
    "Cost": 80000,
    "Rarity": 4,
    "Purchasable": false,
    "Manufacturer": "Fireball",
    "Model": "Fusion Core",
    "UIName": "Fusion Core 012",
    "Id": "emod_engine_012",
    "Name": "Fusion Core 012",
    "Details": "Fusion engines function by harnessing the power of a fusion reaction, running on light hydrogen and protium.\r\nFusion engines are defined by their <b>engine rating</b>. For 'Mechs, the engine rating is the mathematical product of the mass of the vehicle and its desired maximum walking or cruising velocity.",
    "Icon": "uixSvgIcon_equipment_Heatsink"
  },
  "BonusValueA": " ",
  "BonusValueB": " ",
  "ComponentType": "HeatSink",
  "ComponentSubType": "Heatsink",
  "PrefabIdentifier": "",
  "BattleValue": 0,
  "InventorySize": 1,
  "Tonnage": 0.3,
  "AllowedLocations": "CenterTorso",
  "DisallowedLocations": "All",
  "CriticalComponent": false,
  "statusEffects": null,
  "ComponentTags": {
    "items": [
      "component_type_stock"
    ],
    "tagSetSourceFile": ""
  }
}
