{
	"Custom": {
		"EngineCore": {
			"Rating": 310
		},
		"BonusDescriptions": {
			"Bonuses": [
				"EngineHSCap: 2"
			]
		},
		"WorkOrderCosts": {
			"Default": {
				"TechCost": "0",
				"CBillCost": "0"
			},
			"Install": {
				"TechCost": "310 * [[Chassis.Tonnage]] / 2000",
				"CBillCost": "310 * [[Chassis.Tonnage]] * [[Chassis.Tonnage]] / 10"
			}
		},
		"Flags": {
            "flags": [
                    "vital"
            ]
        },
		"Category" : [
			{"CategoryID": "EngineCore"},
			{"CategoryID": "EnginePart"}
		]
	},
    "DissipationCapacity" : 0,
    "Description" : {
        "Cost" : 1218000,
        "Rarity" : 0,
        "Purchasable" : true,
        "Manufacturer" : "Vlar",
        "Model" : "Fusion Core",
        "UIName" : "Core 310",
        "Id" : "emod_engine_310",
        "Name" : "Fusion Core 310",
        "Details" : "Fusion engines function by harnessing the power of a fusion reaction, running on light hydrogen and protium.\r\nFusion engines are defined by their <b>engine rating</b>. For 'Mechs, the engine rating is the mathematical product of the mass of the vehicle and its desired maximum walking or cruising velocity.",
        "Icon" : "uixSvgIcon_equipment_Heatsink"
    },
    "BonusValueA" : "",
    "BonusValueB" : "",
    "ComponentType" : "HeatSink",
    "ComponentSubType" : "Heatsink",
    "PrefabIdentifier" : "",
    "BattleValue" : 0,
    "InventorySize" : 1,
    "Tonnage" : 24.5,
    "AllowedLocations" : "CenterTorso",
    "DisallowedLocations" : "All",
    "CriticalComponent" : false,
    "statusEffects" : null,
    "ComponentTags" : {
        "items" : [
            "component_type_stock"
        ],
        "tagSetSourceFile" : ""
    }
}
