{
	"Custom": {
		"EngineCore": {
			"Rating": "425"
		},
		"BonusDescriptions": {
			"Bonuses": [
				"EngineHSCap: 7"
			]
		},
		"WorkOrderCosts": {
			"Default": {
				"TechCost": "0",
				"CBillCost": "0"
			},
			"Install": {
				"TechCost": "425 * [[Chassis.Tonnage]]/ 2000",
				"CBillCost": "425 * [[Chassis.Tonnage]] * [[Chassis.Tonnage]] / 10"
			}
		},
		"Flags": {
			"flags": [
				"vital"
			]
		},
		"Category": [
			{
				"CategoryID": "EngineCore"
			},
			{
				"CategoryID": "EnginePart"
			}
		]
	},
	"DissipationCapacity": 0,
	"Description": {
		"Cost": 5666667,
		"Rarity": 4,
		"Purchasable": true,
		"Manufacturer": "EXP",
		"Model": "Fusion Core",
		"UIName": "Core 425",
		"Id": "emod_engine_425",
		"Name": "Fusion Core 425",
		"Details": "Fusion engines function by harnessing the power of a fusion reaction, running on light hydrogen and protium.\r\nFusion engines are defined by their <b>engine rating</b>. Above a rating of 400, however, the costs of building and operating a fusion engine begins to increase geometrically.",
		"Icon": "uixSvgIcon_equipment_Heatsink"
	},
	"BonusValueA": "- 30 Heat / Turn",
	"BonusValueB": "+ 7 Slots",
	"ComponentType": "HeatSink",
	"ComponentSubType": "Heatsink",
	"PrefabIdentifier": "",
	"BattleValue": 0,
	"InventorySize": 1,
	"Tonnage": 79.5,
	"AllowedLocations": "CenterTorso",
	"DisallowedLocations": "All",
	"CriticalComponent": false,
	"statusEffects": null,
	"ComponentTags": {
		"items": [
			"component_type_stock",
			"BLACKLISTED"
		],
		"tagSetSourceFile": ""
	}
}