{
	"Custom": {
        "ArmActuator" : {
			"Type" : "PartHand"
		},
		"BonusDescriptions": {
            "Bonuses": [
                "MeleeAcc: +1"
            ]
        },
		"CriticalEffects" : {
                    "OnDestroyedEffectIDs" : ["CriticalEffect-ArmHandActuatorDestroyed-{location}"]
                },
				"InventorySorter" : {
                    "SortKey" : "ActuatorArm3"
                },
		"Category" : [{ "CategoryID" : "OmniHandActuator" }],
		"Flags" : { "flags" : [ "not_broken" ] }
	},
    "Description" : {
        "Cost" : 60000,
        "Rarity" : 6,
        "Purchasable" : true,
        "Manufacturer" : "CLAN",
        "Model" : "Standard",
        "UIName" : "OmniPod Hand",
        "Id" : "emod_arm_omni_hand",
        "Name" : "Hand Actuator",
        "Details" : "A Hand Actuator specifically designed for the OmniPods of a OmniMech. Allows to add a Hand Actuator even on OmniChassis normally not fitting these. Requires a Lower Arm or OmniPod Lower Arm Actuator.",
        "Icon" : "uixSvgIcon_equipment_ActuatorArm"
    },
    "BonusValueA" : "",
    "BonusValueB" : "",
    "ComponentType" : "Upgrade",
    "ComponentSubType" : "NotSet",
    "PrefabIdentifier" : "",
    "BattleValue" : 0,
    "InventorySize" : 1,
    "Tonnage" : 0,
    "AllowedLocations" : "Arms",
    "DisallowedLocations" : "All",
    "CriticalComponent" : false,
    "statusEffects" : [
        {
            "durationData" : {
            },
            "targetingData" : {
                "effectTriggerType" : "Passive",
                "effectTargetType" : "Creator",
                "showInTargetPreview" : false,
                "showInStatusPanel" : true
            },
            "effectType" : "StatisticEffect",
            "Description" : {
                "Id" : "StatusEffect-ArmHandActuator",
                "Name" : "Hand Actuator",
                "Details" : "Melee attacks attempted have their hit improved by 1.",
                "Icon" : "uixSvgIcon_equipment_ActuatorArm"
            },
            "statisticData" : {
                "statName" : "AccuracyModifier",
                "operation" : "Float_Add",
                "modValue" : "-1.0",
                "modType" : "System.Single",
                "targetCollection" : "Weapon",
                "targetWeaponSubType" : "Melee"
            },
            "nature" : "Buff"
        }		
    ],
    "ComponentTags" : {
        "items" : [
			"OmniActuator.{location}",
            "component_type_stock"
        ],
        "tagSetSourceFile" : ""
    }
}
