{
	"Custom": {
		"ArmActuator" : {
			"Type" : "PartHand"
		},
        "BonusDescriptions": {
            "Bonuses": [
                "MeleeAccuracyBonus: 1"
            ]
        },
		"Flags": {
            "flags": [
                "not_broken",
                "no_salvage"
            ]
        },
		"Category" : { "CategoryID" : "ArmHandActuator" }
	},
    "Description" : {
        "Cost" : 30000,
        "Rarity" : 0,
        "Purchasable" : true,
        "Manufacturer" : "Generic",
        "Model" : "Standard",
        "UIName" : "Hand",
        "Id" : "emod_arm_part_hand",
        "Name" : "Hand Actuator",
        "Details" : "An Actuator is a component within a BattleMech's limbs, composed of the joint, myomer bundles, and motor control units.",
        "Icon" : "uixSvgIcon_equipment_ActuatorArm"
    },
    "BonusValueA" : "+1 Melee Accuracy",
    "BonusValueB" : "",
    "ComponentType" : "Upgrade",
    "ComponentSubType" : "NotSet",
    "PrefabIdentifier" : "",
    "BattleValue" : 0,
    "InventorySize" : 1,
    "Tonnage" : 0,
    "AllowedLocations" : "Arms",
    "DisallowedLocations" : "All",
    "CriticalComponent" : false,
    "statusEffects" : [
        {
            "durationData" : {
            },
            "targetingData" : {
                "effectTriggerType" : "Passive",
                "effectTargetType" : "Creator",
                "showInTargetPreview" : false,
                "showInStatusPanel" : true
            },
            "effectType" : "StatisticEffect",
            "Description" : {
                "Id" : "StatusEffect-ArmHandActuator",
                "Name" : "Hand Actuator",
                "Details" : "Melee attacks attempted have their hit improved by 1.",
                "Icon" : "uixSvgIcon_equipment_ActuatorArm"
            },
            "statisticData" : {
                "statName" : "AccuracyModifier",
                "operation" : "Float_Add",
                "modValue" : "-1.0",
                "modType" : "System.Single",
                "targetCollection" : "Weapon",
                "targetWeaponSubType" : "Melee"
            },
            "nature" : "Buff"
        }
    ],
    "ComponentTags" : {
        "items" : [
            "component_type_stock"
        ],
        "tagSetSourceFile" : ""
    }
}
