{
	"Custom": {
		"Category" : { 
			"CategoryID" : "LegFootActuator" 
		},
		"Flags" : { "flags" : [ "default", "not_broken" ] }
	},
    "Description" : {
        "Cost" : 30000,
        "Rarity" : 0,
        "Purchasable" : true,
        "Manufacturer" : "Generic",
        "Model" : "Standard",
        "UIName" : "Foot",
        "Id" : "emod_leg_foot",
        "Name" : "Foot Actuator",
        "Details" : "An Actuator is a component within a BattleMech's limbs, composed of the joint, myomer bundles, and motor control units.",
        "Icon" : "uixSvgIcon_equipment_ActuatorLeg"
    },
    "BonusValueA" : "",
    "BonusValueB" : "",
    "ComponentType" : "Upgrade",
    "ComponentSubType" : "NotSet",
    "PrefabIdentifier" : "",
    "BattleValue" : 0,
    "InventorySize" : 1,
    "Tonnage" : 0,
    "AllowedLocations" : "Legs",
    "DisallowedLocations" : "All",
    "CriticalComponent" : false,
    "statusEffects" : null,
    "ComponentTags" : {
        "items" : [
            "component_type_stock"
        ],
        "tagSetSourceFile" : ""
    }
}
