{
	"Custom": {
		"BonusDescriptions": {
			"Bonuses": [
				"StructureWeightReduction: 50%",
				"ReservedSlots: 14"
			]
		},
		"Category" : { 
			"CategoryID" : "Structure" 
		},
		"DynamicSlots": {
			"ReservedSlots": 14,
			"ShowIcon": false,
            "NameText": "Endo-Steel",
            "BonusAText": "Dynamic Slot",
            "BonusBText": " "
		},
		"Weights": {
			"StructureFactor": 0.5
		},
		"WorkOrderCosts": {
			"Install": {
				"TechCost": "[[Chassis.Tonnage]] / 4",
				"CBillCost": "1000 * [[Chassis.Tonnage]] * [[Chassis.Tonnage]] / 20"
			}
		}
	},
    "Description" : {
        "Cost" : 150000,
        "Rarity" : 0,
        "Purchasable" : true,
        "Manufacturer" : "Lostech",
        "Model" : "Structure",
        "UIName" : "Endo-Steel",
        "Id" : "emod_structureslots_endosteel",
        "Name" : "Endo-Steel Structure",
        "Details" : "Developed by the Terran Hegemony in 2487, Endo Steel was designed especially for use in BattleMech skeletons. Using zero-G manufacturing techniques that uniformly mix high-density steel with lower-density titanium and aluminum, the process produces a metal twice as strong per unit of weight as standard skeleton materials thus halving the weight of the chassis, but at an increase in overall bulk.\r\n\r\nAdd exactly <b>14</b> Endo-Steel slots to <b>half</b> your internal structure weight.",
        "Icon" : "uixSvgIcon_quantity"
    },
    "BonusValueA" : "",
    "BonusValueB" : "",
    "ComponentType" : "Upgrade",
    "ComponentSubType" : "NotSet",
    "PrefabIdentifier" : "",
    "BattleValue" : 0,
    "InventorySize" : 1,
    "Tonnage" : 0,
    "AllowedLocations" : "CenterTorso",
    "DisallowedLocations" : "All",
    "CriticalComponent" : false,
    "statusEffects" : null,
    "ComponentTags" : {
        "items" : [
            "component_type_stock"
        ],
        "tagSetSourceFile" : ""
    }
}
