{
	"Custom": {
        "ArmActuator" : {
            "Type" : "PartLower"
        },
		"BonusDescriptions": {
            "Bonuses": [
                "ArmAccuracy: +1"
            ]
        },
		"Flags": {
            "flags": [
                "not_broken",
                "no_salvage"
            ]
        },
		"Category" : { "CategoryID" : "ArmLowerActuator" }
	},
    "Description" : {
        "Cost" : 20000,
        "Rarity" : 0,
        "Purchasable" : true,
        "Manufacturer" : "Generic",
        "Model" : "Standard",
        "UIName" : "Lower Arm",
        "Id" : "emod_arm_part_lower",
        "Name" : "Lower Arm Actuator",
        "Details" : "An Actuator is a component within a BattleMech's limbs, composed of the joint, myomer bundles, and motor control units.",
        "Icon" : "uixSvgIcon_equipment_ActuatorArm"
    },
    "BonusValueA" : "+1 Melee Accuracy",
    "BonusValueB" : "",
    "ComponentType" : "Upgrade",
    "ComponentSubType" : "NotSet",
    "PrefabIdentifier" : "",
    "BattleValue" : 0,
    "InventorySize" : 1,
    "Tonnage" : 0,
    "AllowedLocations" : "Arms",
    "DisallowedLocations" : "All",
    "CriticalComponent" : false,
    "statusEffects" : [
		{
            "durationData": {
                "duration": -1,
                "stackLimit": -1
            },
            "targetingData": {
                "effectTriggerType": "Passive",
                "effectTargetType": "Creator",
                "showInTargetPreview": false,
                "showInStatusPanel": false
            },
            "effectType": "StatisticEffect",
            "Description": {
                "Id" : "Status-LowerAccuracy-{location}",
                "Name": "Lower Arm Accuracy",
                "Details": "+1 Arm mounted accuracy.",
                "Icon": "uixSvgIcon_equipment_ActuatorArm"
            },
            "nature": "Buff",
            "statisticData": {
                "statName" : "{location}.Accuracy",
                "operation" : "Float_Add",
                "modValue" : "-1",
                "modType" : "System.Single"
            }
        }
    ],
    "ComponentTags" : {
        "items" : [
            "component_type_stock"
        ],
        "tagSetSourceFile" : ""
    }
}
