{
	"Custom": {
		"Category" : { 
			"CategoryID" : "Armor" 
		},
		"Color": {
			"UIColor": "DarkGray"
		},
		"Flags" : { "flags" : [ "ignore_damage", "default" ] }
	},
    "Description" : {
        "Cost" : 0,
        "Rarity" : 0,
        "Purchasable" : false,
        "Manufacturer" : "Generic",
        "Model" : "Standard",
        "UIName" : "Armor",
        "Id" : "emod_armorslots_standard",
        "Name" : "Standard Armor",
        "Details" : "Standard BattleMech armor is composed of several layers providing various degrees of protection and support. The first layer is extremely strong titanium alloyed with steel, the result of crystal alignment and radiation treatment, which is also very brittle. The second layer is a ceramic, cubic boron nitride, which combined with a web of artificial diamond fibers acts as a backstop to the steel layer. These two layers rest atop a titanium alloy honeycomb structure which provides support, and a layer of self-sealing polymer sealant which allows for space and underwater operations.",
        "Icon" : "uixSvgIcon_action_end"
    },
    "BonusValueA" : "",
    "BonusValueB" : "",
    "ComponentType" : "Upgrade",
    "ComponentSubType" : "NotSet",
    "PrefabIdentifier" : "",
    "BattleValue" : 0,
    "InventorySize" : 1,
    "Tonnage" : 0,
    "AllowedLocations" : "CenterTorso",
    "DisallowedLocations" : "All",
    "CriticalComponent" : false,
    "statusEffects" : null,
    "ComponentTags" : {
        "items" : [
            "component_type_stock"
        ],
        "tagSetSourceFile" : ""
    }
}
