{
	"Custom": {
		"Category" : { 
			"CategoryID" : "Structure" 
		},
		"Color": {
			"UIColor": "DarkGray"
		},
		"Flags" : { "flags" : [ "ignore_damage", "default" ] }
	},
    "Description" : {
        "Cost" : 0,
        "Rarity" : 0,
        "Purchasable" : false,
        "Manufacturer" : "Generic",
        "Model" : "Standard",
        "UIName" : "Structure",
        "Id" : "emod_structureslots_standard",
        "Name" : "Standard Structure",
        "Details" : "The Internal Structure of a BattleMech forms the skeletal structure of the 'Mech to which all components are mounted. The Standard Internal Structure of a 'Mech weighs 10% of its max tonnage.",
        "Icon" : "uixSvgIcon_quantity"
    },
    "BonusValueA" : "",
    "BonusValueB" : "",
    "ComponentType" : "Upgrade",
    "ComponentSubType" : "NotSet",
    "PrefabIdentifier" : "",
    "BattleValue" : 0,
    "InventorySize" : 1,
    "Tonnage" : 0,
    "AllowedLocations" : "CenterTorso",
    "DisallowedLocations" : "All",
    "CriticalComponent" : false,
    "statusEffects" : null,
    "ComponentTags" : {
        "items" : [
            "component_type_stock"
        ],
        "tagSetSourceFile" : ""
    }
}
