{
	"Custom": {
		"Category" : { 
			"CategoryID" : "CASE" 
		}
	},
    "Description" : {
        "Cost" : 50000,
        "Rarity" : 0,
        "Purchasable" : true,
        "Manufacturer" : "Lostech",
        "Model" : "Standard",
        "Id" : "emod_case",
        "UIName" : "CASE",
        "Name" : "C.A.S.E.",
        "Details" : "CASE is short for Cellular Ammunition Storage Equipment. In an internal explosion event, CASE prevents the explosion from travelling to adjecent mech compartments. While it does not prevent damage to occur in the protected area, it does prevent it from passing through, helping to prevent ammo explosions to reach the center torso of a mech.",
        "Icon" : "uixSvgIcon_action_end"
    },
    "BonusValueA" : "",
    "BonusValueB" : "",
    "ComponentType" : "Upgrade",
    "ComponentSubType" : "NotSet",
    "PrefabIdentifier" : "",
    "BattleValue" : 0,
    "InventorySize" : 1,
    "Tonnage" : 0.5,
    "AllowedLocations" : "Torso",
    "DisallowedLocations" : "All",
    "CriticalComponent" : false,
    "statusEffects" : null,
    "ComponentTags" : {
        "items" : [
            "component_type_stock"
        ],
        "tagSetSourceFile" : ""
    }
}
