{
	"Custom": {
		"BonusDescriptions": {
			"Bonuses": [
				"ArmAccuracyBonus: 1"
			]
		},
		"Category" : { 
			"CategoryID" : "ArmActuator" 
		},
		"ArmActuator" : {
			"AccuracyBonus" : -1,
			"Type" : "Lower"
		}
	},
    "Description" : {
        "Cost" : 0,
        "Rarity" : 0,
        "Purchasable" : false,
        "Manufacturer" : "Generic",
        "Model" : "Standard",
        "UIName" : "Arm Lower",
        "Id" : "emod_arm_lower",
        "Name" : "Arm Lower Actuator",
        "Details" : "An Actuator is a component within a BattleMech's limbs, composed of the joint, myomer bundles, and motor control units. The lower actuator requires the upper arm actuators to be installed and working.",
        "Icon" : "uixSvgIcon_equipment_ActuatorArm"
    },
    "BonusValueA" : "",
    "BonusValueB" : "",
    "ComponentType" : "Upgrade",
    "ComponentSubType" : "NotSet",
    "PrefabIdentifier" : "",
    "BattleValue" : 0,
    "InventorySize" : 2,
    "Tonnage" : 0,
    "AllowedLocations" : "Arms",
    "DisallowedLocations" : "All",
    "CriticalComponent" : false,
    "statusEffects": null,
    "ComponentTags" : {
        "items" : [
            "component_type_stock"
        ],
        "tagSetSourceFile" : ""
    }
}
