{
	"Custom": {
		"ArmActuator" : {
            "Type" : "PartLower"
        },
		"BonusDescriptions": {
            "Bonuses": [
                "ArmAccuracy: +1"
            ]
        },
		"InventorySorter" : {
                    "SortKey" : "ActuatorArm2"
                },
                "CriticalEffects" : {
                    "OnDestroyedEffectIDs" : ["CriticalEffect-ArmLowerActuatorDestroyed-{location}"]
                },
		"Category" : [{ "CategoryID" : "OmniLowerActuator" }],
		"Flags" : { "flags" : [ "not_broken" ] }
	},
    "Description" : {
        "Cost" : 40000,
        "Rarity" : 6,
        "Purchasable" : true,
        "Manufacturer" : "Generic",
        "Model" : "Standard",
        "UIName" : "OmniPod Lower Arm",
        "Id" : "emod_arm_omni_lower",
        "Name" : "Lower Arm Actuator",
        "Details" : "A Lower Arm Actuator specifically designed for the OmniPods of a OmniMech. Allows to add a Lower Arm Actuator even on OmniChassis normally not fitting these.",
        "Icon" : "uixSvgIcon_equipment_ActuatorArm"
    },
    "BonusValueA" : "",
    "BonusValueB" : "",
    "ComponentType" : "Upgrade",
    "ComponentSubType" : "NotSet",
    "PrefabIdentifier" : "",
    "BattleValue" : 0,
    "InventorySize" : 1,
    "Tonnage" : 0,
    "AllowedLocations" : "Arms",
    "DisallowedLocations" : "All",
    "CriticalComponent" : false,
    "statusEffects": [
        {
            "durationData": {
                "duration": -1,
                "stackLimit": -1
            },
            "targetingData": {
                "effectTriggerType": "Passive",
                "effectTargetType": "Creator",
                "showInTargetPreview": false,
                "showInStatusPanel": false
            },
            "effectType": "StatisticEffect",
            "Description": {
                "Id" : "Status-LowerAccuracy-{location}",
                "Name": "Lower Arm Accuracy",
                "Details": "+1 Arm mounted accuracy.",
                "Icon": "uixSvgIcon_equipment_ActuatorArm"
            },
            "nature": "Buff",
            "statisticData": {
                "statName" : "{location}.Accuracy",
                "operation" : "Float_Add",
                "modValue" : "-1",
                "modType" : "System.Single"
            }
        }
	],
    "ComponentTags" : {
        "items" : [
			"OmniActuator.{location}",
            "component_type_stock"
        ],
        "tagSetSourceFile" : ""
    }
}
