{
	"Custom": {
		"Color": {
			"UIColor": "Gold"
		},
		"BonusDescriptions": {
			"Bonuses": [
				"ArmorFactor: 11%",
				"Reserved: 14"
			]
		},
		"Category": {
			"CategoryID": "Armor"
		},
		"DynamicSlots": {
			"ReservedSlots": 14
		},
		"Weights": {
			"ArmorFactor": 0.89286
		},
		"WorkOrderCosts": {
			"Install": {
				"TechCost": "[[Chassis.Tonnage]] / 4",
				"CBillCost": "250 * [[Chassis.Tonnage]] * [[Chassis.Tonnage]] / 50"
			}
		},
		"Flags": {
			"flags": [
				"ignore_damage",
				"autorepair",
				"not_broken"
			]
		},
		"InventorySorter": {
			"SortKey": "00009"
		}
	},
	"Description": {
		"Cost": 150000,
		"Rarity": 0,
		"Purchasable": true,
		"Manufacturer": "Lostech",
		"Model": "Armor",
		"UIName": "Ferro-Fibrous",
		"Id": "emod_armorslots_ferrosfibrous",
		"Name": "Ferro-Fibrous Armor",
		"Details": "Ferro-Fibrous armor (FF) is a special type of armor used by vehicles and BattleMechs. Utilizing a weave of ferro-steel, ferro-titanium, and diamond weave fibers which boosts the tensile strength of the plating, it provides more protection per ton than standard armor, but takes up more space on the 'Mech or vehicle.\r\n\r\nArmor tonnage gets reduced by <b>1/12</b> while taking up <b>14</b> Ferro-Fibrous slots.",
		"Icon": "uixSvgIcon_action_end"
	},
	"BonusValueA": "",
	"BonusValueB": "",
	"ComponentType": "Upgrade",
	"ComponentSubType": "NotSet",
	"PrefabIdentifier": "",
	"BattleValue": 0,
	"InventorySize": 1,
	"Tonnage": 0,
	"AllowedLocations": "CenterTorso",
	"DisallowedLocations": "All",
	"CriticalComponent": false,
	"statusEffects": null,
	"ComponentTags": {
		"items": [
			"component_type_stock"
		],
		"tagSetSourceFile": ""
	}
}