{
	"Custom": {
		"ArmActuator" : {
			"Type" : "PartUpper"
		},
		"Flags" : { "flags" : [ "default" ] },
		"Category" : { "CategoryID" : "ArmUpperActuator" }
	},
    "Description" : {
        "Cost" : 20000,
        "Rarity" : 0,
        "Purchasable" : true,
        "Manufacturer" : "Generic",
        "Model" : "Standard",
        "UIName" : "Upper Arm",
        "Id" : "emod_arm_part_upper",
        "Name" : "Upper Arm Actuator",
        "Details" : "An Actuator is a component within a BattleMech's limbs, composed of the joint, myomer bundles, and motor control units.",
        "Icon" : "uixSvgIcon_equipment_ActuatorArm"
    },
    "BonusValueA" : "",
    "BonusValueB" : "",
    "ComponentType" : "Upgrade",
    "ComponentSubType" : "NotSet",
    "PrefabIdentifier" : "",
    "BattleValue" : 0,
    "InventorySize" : 1,
    "Tonnage" : 0,
    "AllowedLocations" : "Arms",
    "DisallowedLocations" : "All",
    "CriticalComponent" : false,
    "statusEffects": null,
    "ComponentTags" : {
        "items" : [
            "component_type_stock"
        ],
        "tagSetSourceFile" : ""
    }
}
