{
	"Custom": {
		"Category" : { 
			"CategoryID" : "Gyro" 
		},
		"Flags" : { "flags" : [ "default", "not_broken" ] }
	},
    "Description" : {
        "Cost" : 0,
        "Rarity" : 0,
        "Purchasable" : false,
        "Manufacturer" : "Generic",
        "Model" : "Standard",
        "UIName" : "Gyro",
        "Id" : "Gear_Gyro_Generic_Standard",
        "Name" : "Standard Gyro",
        "Details" : "Gyros counteract the massive amounts of momentum generated from 'Mech engines and allow for precision maneuvering and recovery from stability-impacting attacks. All 'Mechs come equipped with a stock Gyro, which can be upgraded for improved performance.",
        "Icon" : "uixSvgIcon_equipment_Gyro"
    },
    "BonusValueA" : "",
    "BonusValueB" : "",
    "ComponentType" : "Upgrade",
    "ComponentSubType" : "NotSet",
    "PrefabIdentifier" : "",
    "BattleValue" : 0,
    "InventorySize" : 3,
    "Tonnage" : 0,
    "AllowedLocations" : "CenterTorso",
    "DisallowedLocations" : "All",
    "CriticalComponent" : false,
    "statusEffects": null,
    "ComponentTags" : {
        "items" : [
            "component_type_stock"
        ],
        "tagSetSourceFile" : ""
    }
}
