{
    "Custom": {
        "Category": [
            {
                "CategoryID": "CockpitFCS"
            }
        ],
        "BonusDescriptions": {
            "Bonuses": [
                "AdvZoom: 1",
                "AdvZoomRange: 300",
                "ThermalVision: 1",
                "ThermalVisionHeat: 100",
                "FCS"
            ]
        },
        "Flags": {
            "flags": [
                "default",
                "not_broken",
                "no_salvage",
                "autorepair"
            ]
        },
		"Lootable": {
			"ItemID": "lootable_FCS_Generic_Standard"
		}
    },
    "Description": {
        "Cost": 0,
        "Rarity": 0,
        "Purchasable": false,
        "Manufacturer": "Generic",
        "Model": "Standard",
        "UIName": "FCS Standard",
        "Id": "Gear_FCS_Generic_Standard",
        "Name": "Standard Cockpit",
        "Details": "Default FCS system of a BattleMech.",
        "Icon": "uixSvgIcon_equipment_Cockpit"
    },
    "BonusValueA": "",
    "BonusValueB": "",
    "ComponentType": "Upgrade",
    "ComponentSubType": "NotSet",
    "PrefabIdentifier": "",
    "BattleValue": 0,
    "InventorySize": 1,
    "Tonnage": 1,
    "AllowedLocations": "Head",
    "DisallowedLocations": "All",
    "CriticalComponent": false,
    "statusEffects": null,
    "ComponentTags": {
        "items": [
            "component_type_stock",
            "lv-vismode-zoom_m0_c-1_s10",
            "lv-vismode-heat_m1_d100"
        ],
        "tagSetSourceFile": ""
    }
}