{
    "Custom": {
        "Category": [
            {
                "CategoryID": "Cockpit"
            }
        ],
        "BonusDescriptions": {
            "Bonuses": [
                "IsCockpit"
            ]
        },
        "Flags": {
            "flags": [
                "default"
            ]
        },
		"Lootable": {
			"ItemID": "lootable_Cockpit_Generic_Standard"
		}
    },
    "Description": {
        "Cost": 0,
        "Rarity": 0,
        "Purchasable": false,
        "Manufacturer": "Generic",
        "Model": "Standard",
        "UIName": "Cockpit",
        "Id": "Gear_Cockpit_Generic_Standard",
        "Name": "Standard Cockpit",
        "Details": "All 'Mechs come equipped with a stock Cockpit and Life Support, which can be upgraded for improved performance.",
        "Icon": "uixSvgIcon_equipment_Cockpit"
    },
    "BonusValueA": "",
    "BonusValueB": "",
    "ComponentType": "Upgrade",
    "ComponentSubType": "NotSet",
    "PrefabIdentifier": "",
    "BattleValue": 0,
    "InventorySize": 1,
    "Tonnage": 1,
    "AllowedLocations": "Head",
    "DisallowedLocations": "All",
    "CriticalComponent": false,
    "statusEffects": null,
    "ComponentTags": {
        "items": [
            "component_type_stock"
        ],
        "tagSetSourceFile": ""
    }
}