{
    "Custom": {
        "Category": [
            {
                "CategoryID": "CockpitSensors"
            }
        ],
        "BonusDescriptions": {
            "Bonuses": [
                "CockpitSensors: 1"
            ]
        },
        "Flags": {
            "flags": [
                "default"
            ]
        },
		"Lootable": {
			"ItemID": "lootable_Sensors_Generic_Standard"
		}
    },
    "Description": {
        "Cost": 0,
        "Rarity": 0,
        "Purchasable": false,
        "Manufacturer": "Generic",
        "Model": "Standard",
        "UIName": "Sensors Basic",
        "Id": "Gear_Sensors_Generic_Standard",
        "Name": "Standard Sensors",
        "Details": "A Basic Sensors Suite.",
        "Icon": "uixSvgIcon_equipment_Cockpit"
    },
    "BonusValueA": "",
    "BonusValueB": "",
    "ComponentType": "Upgrade",
    "ComponentSubType": "NotSet",
    "PrefabIdentifier": "",
    "BattleValue": 0,
    "InventorySize": 1,
    "Tonnage": 1,
    "AllowedLocations": "Head",
    "DisallowedLocations": "All",
    "CriticalComponent": false,
    "statusEffects": null,
    "ComponentTags": {
        "items": [
            "component_type_stock",
            "lv-probe-boost_m1"
        ],
        "tagSetSourceFile": ""
    }
}