{
    "Custom": {
        "ComponentExplosion": {
            "StabilityDamage": 100
        },
        "Category": [{
            "CategoryID": "Gyro"
        }],
        "Flags": {
            "flags": [
                "not_broken",
                "no_salvage",
                "autorepair"
            ]
        },
        "BonusDescriptions": {
            "Bonuses": [
                "Omni",
                "ArmorTPCost: -50%",
                "StructureTPCost: -50%",
                "ArmorCBCost: +20%",
                "StructureCBCost: +25%",
                "GyroStab: 50"
            ]
        }
    },
    "Description": {
        "Cost": 0,
        "Rarity": 99,
        "Purchasable": false,
        "Manufacturer": "Clan",
        "Model": "Standard",
        "UIName": "OmniMech",
        "Id": "Gear_Gyro_Omnimech",
        "Name": "OmniMech Gyro",
        "Details": "An OmniMech is a highly configurable type of BattleMech. OmniMechs mount some of their loadout in modular OmniPods. This gives Omnis the ability to replace damaged components and change battlefield role to fulfill mission requirements. Though not solely created for modular weapon loadouts, the OmniMech design greatly aids repair and construction. Once their modular weaponry and equipment is removed, the empty bays provide better access to repair the chassis. Damaged components such as arms and legs can be easily repaired in half the time it takes for common BattleMechs.",
        "Icon": "uixSvgIcon_equipment_Gyro"
    },
    "BonusValueA": "+ 40 Stability",
    "BonusValueB": "",
    "ComponentType": "Upgrade",
    "ComponentSubType": "NotSet",
    "PrefabIdentifier": "",
    "BattleValue": 0,
    "InventorySize": 3,
    "Tonnage": 0,
    "AllowedLocations": "CenterTorso",
    "DisallowedLocations": "All",
    "CriticalComponent": false,
    "statusEffects": [
        {
            "durationData": {
                "duration": -1
            },
            "targetingData": {
                "effectTriggerType": "Passive",
                "effectTargetType": "Creator",
                "showInTargetPreview": false,
                "showInStatusPanel": false
            },
            "effectType": "StatisticEffect",
            "Description": {
                "Id": "GyroGenericThreshhold",
                "Name": "Gyroscopic Orientation",
                "Details": "The gyro helps establish center-of-mass equilibrium for the BattleMech.",
                "Icon": "uixSvgIcon_equipment_Gyro"
            },
            "statisticData": {
                "statName": "UnsteadyThreshold",
                "operation": "Float_Add",
                "modValue": "50.0",
                "modType": "System.Single"
            },
            "nature": "Buff"
        }
    ],
    "ComponentTags": {
        "items": [
		"BLACKLISTED",
            "component_type_stock"
        ],
        "tagSetSourceFile": ""
    }
}
