{
	"Custom": {
		"Category" : { 
			"CategoryID" : "SensorsB" 
		},
		"Flags": {
			"Flags": [
				"not_broken",
				"default"
			]
		}
	},
    "Description" : {
        "Cost" : 0,
        "Rarity" : 0,
        "Purchasable" : false,
        "Manufacturer" : "Generic",
        "Model" : "Standard",
        "UIName" : "Sensors",
        "Id" : "Gear_Cockpit_SensorsB_Standard",
        "Name" : "Sensors B",
        "Details" : "Thermal imaging, light amplification, radar and magnetic anomaly sensors are all among the primary sensors used by BattleMechs, supplemented by seismic sensors, motion detectors, chemical analyzers and a multitude of others. Sophisticated computers streamline, interpret and prioritize this information.",
        "Icon" : "uixSvgIcon_equipment_Cockpit"
    },
    "BonusValueA" : "",
    "BonusValueB" : "",
    "ComponentType" : "Upgrade",
    "ComponentSubType" : "NotSet",
    "PrefabIdentifier" : "",
    "BattleValue" : 0,
    "InventorySize" : 1,
    "Tonnage" : 0,
    "AllowedLocations" : "Head",
    "DisallowedLocations" : "All",
    "CriticalComponent" : false,
    "statusEffects" : null,
    "ComponentTags" : {
        "items" : [
            "component_type_stock"
        ],
        "tagSetSourceFile" : ""
    }
}
