{
	"Custom": {
        "BonusDescriptions": {
            "Bonuses": [
                "FreedSlots: 1",
                "AccuracyLoss: 1",
                "OverheatDamage"
            ]
        },
		"Category" : [
			{"CategoryID": "Cockpit"},
			{"CategoryID": "LifeSupportB"}
		]
	},
    "Description" : {
        "Cost" : 240000,
        "Rarity" : 0,
        "Purchasable" : true,
        "Manufacturer" : "Prototype",
        "Model" : "Kite",
        "UIName" : "Small Cockpit",
        "Id" : "Gear_Cockpit_Generic_Small",
        "Name" : "Small Cockpit",
        "Details" : "The Small Cockpit weighs one ton less than the standard version, at the expense of being cramped.",
        "Icon" : "uixSvgIcon_equipment_Cockpit"
    },
    "BonusValueA" : "- 1 Accuracy",
    "BonusValueB" : "",
    "ComponentType" : "Upgrade",
    "ComponentSubType" : "NotSet",
    "PrefabIdentifier" : "",
    "BattleValue" : 0,
    "InventorySize" : 1,
    "Tonnage" : 2,
    "AllowedLocations" : "Head",
    "DisallowedLocations" : "All",
    "CriticalComponent" : false,
    "statusEffects" : [
        {
            "durationData" : {
                "duration" : -1
            },
            "targetingData" : {
                "effectTriggerType" : "Passive",
                "effectTargetType" : "Creator",
                "showInTargetPreview" : true,
                "showInStatusPanel" : true
            },
            "effectType" : "StatisticEffect",
            "Description" : {
                "Id" : "StatusEffect-SmallCockpit",
                "Name" : "Small Cockpit",
                "Details" : "The cramped conditions of a small cockpit reduces accuracy and removes overheat protection.",
                "Icon" : "uixSvgIcon_ability_precisionstrike"
            },
            "nature" : "Debuff",
            "statisticData" : {
                "effectsPersistAfterDestruction" : false,
                "statName" : "AccuracyModifier",
                "operation" : "Float_Add",
                "modValue" : "1.0",
                "modType" : "System.Single"
            }
        }
	],
    "ComponentTags" : {
        "items" : [
            "component_type_stock"
        ],
        "tagSetSourceFile" : ""
    }
}
