{
	"Custom": {
		"Category" : { 
			"CategoryID" : "LifeSupportA" 
		},
		"Flags": {
			"Flags": [
				"not_broken",
				"default"
			]
		}
	},
    "Description" : {
        "Cost" : 0,
        "Rarity" : 0,
        "Purchasable" : false,
        "Manufacturer" : "Generic",
        "Model" : "Standard",
        "UIName" : "Life Support",
        "Id" : "Gear_Cockpit_LifeSupportA_Standard",
        "Name" : "Life Support A",
        "Details" : "A BattleMech’s cockpit is sealed, pressurized and fitted with a lifesupport system. A limited supply of air and water is contained within the ’Mech. If air or water exists outside of the 'Mech, fresh oxygen can be supplied for an unlimited through the filtration system.",
        "Icon" : "uixSvgIcon_equipment_Cockpit"
    },
    "BonusValueA" : "",
    "BonusValueB" : "",
    "ComponentType" : "Upgrade",
    "ComponentSubType" : "NotSet",
    "PrefabIdentifier" : "",
    "BattleValue" : 0,
    "InventorySize" : 1,
    "Tonnage" : 1,
    "AllowedLocations" : "Head",
    "DisallowedLocations" : "All",
    "CriticalComponent" : false,
    "statusEffects" : null,
    "ComponentTags" : {
        "items" : [
            "component_type_stock"
        ],
        "tagSetSourceFile" : ""
    }
}
