{
	"Custom": {
		"Category": [
			{
            "CategoryID": "StandardJJ"
			}
		],
		"Flags": {
            "flags": [
                "not_broken",
                "no_salvage"
            ]
        },
        "BonusDescriptions": {
            "Bonuses": [
                "JumpCapacity: 1",
				"JumpHeat: 3",
				"MinWeightJJ: 90",
				"MaxWeightJJ: 100",
				"MaxCountJJ: 1"
            ]
        }
    },
    "JumpCapacity" : 1,
    "MinTonnage" : 90,
    "MaxTonnage" : 100,
    "Description" : {
        "Cost" : 70000,
        "Rarity" : 3,
        "Purchasable" : true,
        "Manufacturer" : "Generic",
        "Model" : "Assault",
        "UIName" : "Jump Jet (A)",
        "Id" : "Gear_JumpJet_Generic_Assault",
        "Name" : "Assault Jump Jet (A)",
        "Details" : "Jump Jets funnel superheated air to propel 'Mechs over obstacles in a controlled manner. Additionally, they may also be used to perform the dreaded 'Death from Above' attack. Assault Jump Jets are specially designed for use on 'Mechs 90 tons and heavier.",
        "Icon" : "uixSvgIcon_action_jump"
    },
    "BonusValueA" : null,
    "BonusValueB" : null,
    "ComponentType" : "JumpJet",
    "ComponentSubType" : "Functionality",
    "PrefabIdentifier" : "JumpJet",
    "BattleValue" : 0,
    "InventorySize" : 1,
    "Tonnage" : 2,
    "AllowedLocations" : "Torso, Legs",
    "DisallowedLocations" : "Head, Arms",
    "CriticalComponent" : false,
    "statusEffects": [
	 {
            "durationData": {
                "duration": -1,
                "stackLimit": -1
            },
            "targetingData": {
                "effectTriggerType": "Passive",
                "effectTargetType": "Creator",
                "showInTargetPreview": false,
                "showInStatusPanel": false
            },
            "effectType": "StatisticEffect",
            "Description": {
                "Id": "StatusEffect-JumpHeat",
                "Name": "Jump Jet Heat",
                "Details": "This Jump Jets Heat Generation per Hex",
                "Icon": "uixSvgIcon_equipment_ThermalExchanger"
            },
            "nature": "Buff",
            "statisticData": {
                "statName": "JumpHeat",
                "operation": "Float_Add",
                "modValue": "3",
                "modType": "System.Single"
            }
        },
		 {
            "durationData": {
                "duration": -1,
                "stackLimit": -1
            },
            "targetingData": {
                "effectTriggerType": "Passive",
                "effectTargetType": "Creator",
                "showInTargetPreview": false,
                "showInStatusPanel": false
            },
            "effectType": "StatisticEffect",
            "Description": {
                "Id": "StatusEffect-JumpAmount",
                "Name": "Jump Jet Amount",
                "Details": "Max Jump Jet Amount per Walk MP",
                "Icon": "uixSvgIcon_equipment_ThermalExchanger"
            },
            "nature": "Buff",
            "statisticData": {
                "statName": "JumpJetCountMultiplier",
                "operation": "Set",
                "modValue": "1",
                "modType": "System.Single"
            }
        }
	],
    "ComponentTags" : {
        "items" : [
            "component_type_stock"
        ],
        "tagSetSourceFile" : ""
    }
}
